u0, u1, u2, u3, u4, u5, u6, u7, u8, u9, sk0, sk1, sk2, sk3, st0, st1, st2, st3, st4, st5, r1, r2, r3, r4, r5, r6, r7, r8, r9, r10, r11, r12, r13, r14, r15, r16, r17, r18, r19, r20, r21, r22, r23, r24, r25, r26
0x0,0x0,0x0,0x2,0x0,0x0,0x4,0x0,0x2d,0xd,0x3b,0x40,0x89,0x0,0x10,0xa,0xd,0x8,0x14,0x10,0x1,0x1,0x1,0x0,0x0,0x0,0x2,0x2,0x2,0x2,0x2,0x2,0x2,0x2,0x3,0x2,0x2,0x1,0x0,0x1,0x0,0x0,0x0,0x0,0x0,0x0,0x0,
0x4f,0x0,0x0,0x2,0x0,0x0,0x3,0x0,0x23,0xa,0x4e,0x8b,0x9e,0x0,0x11,0x1,0x11,0x4,0x11,0x8,0x0,0x0,0x0,0x0,0x0,0x0,0x2,0x2,0x2,0x2,0x2,0x2,0x3,0x3,0x2,0x2,0x0,0x0,0x0,0x0,0x0,0x1,0x1,0x1,0x1,0x1,0x0,
0x41,0x0,0x0,0x2,0x1,0x0,0x4,0x1,0x23,0xa,0x48,0x62,0x99,0x0,0xd,0x2,0xb,0xb,0x18,0x8,0x0,0x0,0x0,0x1,0x1,0x0,0x2,0x2,0x2,0x2,0x2,0x2,0x2,0x2,0x2,0x2,0x0,0x0,0x0,0x0,0x0,0x1,0x1,0x1,0x1,0x1,0x0,
0x44,0x0,0x0,0x2,0x0,0x0,0x4,0x0,0x32,0xb,0x27,0x60,0x71,0x0,0xd,0xb,0x8,0xe,0x11,0x11,0x0,0x0,0x0,0x1,0x1,0x0,0x2,0x2,0x2,0x3,0x3,0x2,0x2,0x2,0x2,0x2,0x0,0x0,0x0,0x0,0x0,0x1,0x1,0x1,0x0,0x0,0x2,
0x4b,0x0,0x0,0x2,0x0,0x0,0x3,0x0,0x23,0x8,0x10,0x23,0x4e,0x0,0xb,0xa,0x11,0x14,0x14,0x8,0x0,0x0,0x0,0x0,0x0,0x0,0x2,0x3,0x2,0x2,0x3,0x2,0x2,0x2,0x2,0x2,0x0,0x0,0x1,0x1,0x1,0x0,0x0,0x0,0x1,0x1,0x2,
0x4e,0x0,0x0,0x2,0x0,0x0,0x4,0x0,0x28,0xf,0x16,0x25,0x56,0x0,0xe,0x1,0xf,0xe,0x14,0xe,0x1,0x1,0x1,0x1,0x1,0x1,0x2,0x2,0x3,0x2,0x2,0x2,0x2,0x2,0x3,0x2,0x1,0x0,0x0,0x1,0x0,0x0,0x0,0x0,0x0,0x0,0x0,
0x4e,0x0,0x0,0x2,0x0,0x0,0x4,0x0,0x2d,0xc,0x2e,0x5f,0x80,0x0,0x11,0x7,0x11,0x8,0xe,0xd,0x0,0x0,0x0,0x0,0x0,0x0,0x3,0x3,0x3,0x2,0x2,0x3,0x2,0x2,0x2,0x2,0x0,0x0,0x3,0x1,0x1,0x0,0x0,0x0,0x0,0x0,0x1,
0x4a,0x0,0x0,0x2,0x0,0x0,0x3,0x0,0x32,0xb,0x1,0x25,0x6f,0x0,0xb,0xa,0xe,0x13,0xe,0xd,0x0,0x0,0x1,0x0,0x0,0x1,0x2,0x2,0x3,0x2,0x2,0x2,0x2,0x2,0x3,0x2,0x0,0x1,0x0,0x0,0x0,0x0,0x0,0x0,0x0,0x0,0x0,
0x48,0x0,0x0,0x2,0x0,0x0,0x4,0x0,0x28,0xa,0x25,0x68,0x7f,0x1,0xa,0x10,0x8,0x16,0xe,0x9,0x0,0x0,0x0,0x0,0x0,0x1,0x2,0x2,0x2,0x2,0x2,0x2,0x2,0x2,0x2,0x2,0x0,0x1,0x0,0x0,0x0,0x0,0x0,0x0,0x0,0x0,0x2,
0x46,0x0,0x0,0x2,0x0,0x0,0x1,0x0,0x28,0x10,0x4,0x3d,0x7f,0x0,0x16,0xb,0xe,0x11,0xb,0xd,0x0,0x0,0x0,0x0,0x0,0x0,0x2,0x2,0x2,0x2,0x2,0x2,0x2,0x2,0x2,0x2,0x0,0x0,0x0,0x0,0x0,0x0,0x0,0x0,0x0,0x0,0x0,
0x46,0x0,0x0,0x2,0x0,0x0,0x3,0x0,0x32,0xb,0x16,0x19,0x25,0x0,0xb,0xf,0xb,0xb,0x14,0x12,0x0,0x0,0x0,0x1,0x1,0x0,0x2,0x2,0x2,0x3,0x3,0x2,0x2,0x2,0x2,0x2,0x0,0x0,0x0,0x0,0x0,0x1,0x2,0x2,0x0,0x0,0x0,
0x4e,0x0,0x0,0x2,0x0,0x0,0x5,0x0,0x23,0xa,0x4e,0x68,0x90,0x0,0x19,0x1,0x12,0xd,0x14,0xd,0x0,0x0,0x0,0x0,0x0,0x0,0x2,0x2,0x3,0x2,0x2,0x2,0x3,0x3,0x3,0x2,0x0,0x0,0x0,0x1,0x0,0x1,0x1,0x1,0x1,0x1,0x0,
0x54,0x0,0x0,0x2,0x0,0x0,0x5,0x0,0x2d,0xb,0x6a,0x6f,0x94,0x3,0xd,0xa,0xe,0x17,0x10,0xe,0x0,0x0,0x1,0x0,0x0,0x2,0x2,0x2,0x3,0x2,0x2,0x2,0x2,0x2,0x3,0x2,0x0,0x2,0x0,0x0,0x1,0x0,0x0,0x0,0x0,0x0,0x0,
0x51,0x0,0x0,0x2,0x0,0x0,0x5,0x0,0x32,0xb,0x4a,0x65,0x96,0x0,0x12,0xb,0x14,0xf,0xe,0xd,0x1,0x1,0x0,0x1,0x2,0x1,0x2,0x2,0x3,0x2,0x2,0x3,0x2,0x2,0x3,0x2,0x1,0x1,0x0,0x1,0x0,0x0,0x0,0x0,0x0,0x0,0x0,
0x57,0x0,0x0,0x3,0x0,0x0,0x4,0x0,0x23,0xa,0x7d,0x8d,0xa2,0x0,0xf,0x7,0xe,0x8,0x15,0xf,0x0,0x0,0x0,0x0,0x0,0x0,0x2,0x2,0x2,0x2,0x2,0x2,0x3,0x3,0x2,0x2,0x0,0x0,0x0,0x0,0x0,0x2,0x1,0x1,0x2,0x1,0x1,
0x4c,0x0,0x0,0x2,0x0,0x0,0x6,0x0,0x2d,0xc,0x1b,0x38,0x1e,0x0,0x12,0xe,0xf,0xe,0x14,0xf,0x1,0x1,0x1,0x1,0x1,0x1,0x3,0x2,0x3,0x2,0x2,0x3,0x3,0x3,0x3,0x2,0x1,0x1,0x1,0x1,0x1,0x1,0x1,0x1,0x1,0x1,0x1,
0x67,0x0,0x0,0x1,0x0,0x1,0x6,0x0,0x14,0x19,0x1,0x10,0x13,0x0,0x0,0x1e,0xb,0x1e,0x1f,0xd,0x3,0x3,0x3,0x3,0x3,0x3,0x3,0x3,0x3,0x3,0x3,0x3,0x3,0x3,0x3,0x1,0x3,0x3,0x3,0x3,0x3,0x0,0x0,0x0,0x3,0x0,0x3,
0xc8,0x0,0x0,0x1,0x0,0x1,0x6,0x0,0x23,0x1b,0x4,0x7,0x15,0x0,0x0,0x1e,0xe,0x1f,0x1f,0xf,0x3,0x3,0x3,0x3,0x3,0x3,0x3,0x3,0x3,0x3,0x3,0x3,0x3,0x3,0x3,0x2,0x3,0x3,0x3,0x3,0x3,0x0,0x0,0x0,0x3,0x0,0x3,
0xbc,0x2,0x0,0x3,0x0,0x0,0x6,0x0,0x2d,0x9,0x5c,0x61,0x93,0x0,0x12,0xb,0x12,0xb,0x14,0xf,0x1,0x1,0x1,0x0,0x0,0x1,0x3,0x2,0x3,0x2,0x2,0x3,0x3,0x3,0x3,0x2,0x1,0x1,0x0,0x1,0x0,0x2,0x2,0x2,0x2,0x2,0x1,
0x67,0x0,0x0,0x2,0x0,0x0,0x5,0x0,0x28,0xe,0x1b,0x71,0x8b,0x0,0xf,0x14,0x13,0x9,0xe,0xf,0x1,0x1,0x0,0x0,0x0,0x0,0x2,0x2,0x2,0x2,0x2,0x2,0x2,0x2,0x2,0x2,0x1,0x2,0x0,0x0,0x0,0x0,0x0,0x0,0x0,0x0,0x1,
0x4e,0x0,0x0,0x2,0x0,0x0,0x4,0x0,0x28,0x11,0x34,0x8f,0xa1,0x0,0xa,0xc,0x8,0x13,0x14,0x11,0x1,0x1,0x1,0x1,0x0,0x1,0x1,0x2,0x2,0x2,0x2,0x2,0x2,0x2,0x2,0x2,0x1,0x1,0x1,0x1,0x1,0x0,0x0,0x0,0x0,0x0,0x1,
0x55,0x0,0x0,0x2,0x1,0x0,0x5,0x1,0x23,0x10,0x2f,0x9c,0xa0,0x2,0x9,0x14,0xb,0xd,0xc,0x16,0x0,0x0,0x0,0x0,0x0,0x0,0x2,0x2,0x2,0x2,0x2,0x2,0x2,0x2,0x2,0x2,0x0,0x0,0x0,0x0,0x2,0x2,0x2,0x2,0x1,0x0,0x0,
0x52,0x0,0x0,0x1,0x0,0x1,0x6,0x0,0x37,0x1d,0xd,0x35,0x3f,0x0,0x0,0x1f,0xf,0x1f,0x1f,0x12,0x3,0x3,0x3,0x3,0x3,0x3,0x3,0x3,0x3,0x3,0x3,0x3,0x3,0x3,0x3,0x2,0x3,0x3,0x3,0x3,0x3,0x0,0x0,0x0,0x3,0x1,0x3,
0x84,0x3,0x0,0x1,0x0,0x0,0x6,0x0,0x46,0x1f,0x3c,0x3e,0x81,0x3,0x0,0x1f,0x13,0x1f,0x1f,0x12,0x3,0x3,0x3,0x3,0x3,0x3,0x3,0x3,0x3,0x3,0x3,0x3,0x3,0x3,0x3,0x2,0x3,0x3,0x3,0x3,0x3,0x1,0x1,0x1,0x3,0x2,0x3,
0x9c,0x0,0x0,0x2,0x0,0x0,0x6,0x0,0x50,0x1e,0x20,0x8a,0xa6,0x2,0x19,0x1d,0x1b,0x1f,0x6,0x1f,0x3,0x3,0x3,0x3,0x3,0x3,0x1,0x1,0x3,0x3,0x3,0x3,0x3,0x3,0x3,0x2,0x3,0x3,0x3,0x2,0x3,0x2,0x2,0x2,0x2,0x3,0x2,
0xa7,0x0,0x0,0x2,0x0,0x0,0x1,0x0,0x28,0x4,0x15,0x35,0x3c,0x0,0x8,0xd,0xb,0x13,0xb,0x14,0x1,0x1,0x1,0x2,0x1,0x2,0x1,0x2,0x3,0x1,0x0,0x3,0x0,0x0,0x0,0x0,0x2,0x1,0x2,0x2,0x2,0x2,0x2,0x2,0x1,0x1,0x3,
0x4d,0x0,0x0,0x0,0x0,0x0,0x7,0x0,0x0,0x0,0xff,0xff,0xff,0x0,0x0,0x0,0x0,0x0,0x0,0x0,0x1,0x1,0x0,0x0,0x0,0x0,0x2,0x2,0x2,0x2,0x2,0x2,0x3,0x3,0x2,0x2,0x2,0x2,0x0,0x0,0x0,0x1,0x1,0x1,0x1,0x1,0x2,
0x0,0x0,0x1,0x2,0x0,0x0,0x4,0x0,0x1e,0x7,0x40,0x71,0x95,0x0,0xa,0x3,0x11,0x2,0x5,0x5,0x1,0x2,0x2,0x0,0x0,0x2,0x1,0x1,0x1,0x1,0x1,0x1,0x1,0x1,0x3,0x1,0x2,0x0,0x0,0x0,0x0,0x0,0x0,0x0,0x0,0x0,0x0,
0x30,0x0,0x1,0x2,0x0,0x0,0x4,0x0,0x23,0x11,0x35,0x36,0x4a,0x3,0xf,0xb,0x12,0x6,0x7,0xd,0x2,0x2,0x2,0x0,0x0,0x0,0x0,0x0,0x0,0x0,0x0,0x0,0x1,0x1,0x2,0x0,0x2,0x1,0x0,0x0,0x0,0x1,0x1,0x1,0x1,0x1,0x1,
0x3f,0x0,0x1,0x2,0x1,0x0,0x3,0x1,0x23,0x10,0x4,0x48,0x99,0x2,0xe,0xb,0x12,0x2,0x14,0x4,0x2,0x2,0x2,0x1,0x1,0x0,0x0,0x0,0x0,0x0,0x0,0x0,0x0,0x0,0x2,0x0,0x2,0x0,0x0,0x0,0x0,0x1,0x1,0x1,0x1,0x1,0x0,
0x3a,0x0,0x1,0x2,0x1,0x0,0x4,0x1,0x32,0x12,0x15,0x20,0x6e,0x2,0x11,0xf,0xd,0xb,0x7,0x12,0x2,0x2,0x2,0x1,0x1,0x0,0x0,0x0,0x0,0x1,0x1,0x0,0x0,0x0,0x2,0x0,0x2,0x0,0x0,0x0,0x0,0x1,0x1,0x1,0x0,0x0,0x0,
0x43,0x0,0x1,0x3,0x1,0x0,0x3,0x1,0x1e,0xf,0x2e,0x71,0x8b,0x0,0x9,0xd,0x11,0x10,0xe,0x4,0x2,0x2,0x2,0x0,0x0,0x0,0x0,0x1,0x0,0x0,0x0,0x1,0x0,0x0,0x2,0x0,0x2,0x0,0x1,0x1,0x1,0x0,0x0,0x0,0x1,0x1,0x0,
0x3c,0x0,0x1,0x2,0x0,0x0,0x4,0x0,0x2d,0x14,0x5d,0x67,0x6b,0x5,0x11,0xa,0x13,0xd,0x5,0x10,0x0,0x2,0x2,0x1,0x1,0x1,0x1,0x0,0x2,0x0,0x0,0x1,0x0,0x0,0x3,0x0,0x2,0x0,0x0,0x1,0x2,0x0,0x0,0x0,0x0,0x0,0x0,
0x43,0x0,0x1,0x2,0x0,0x0,0x3,0x0,0x2d,0x13,0x5f,0x73,0x8b,0x0,0x15,0x10,0xf,0xd,0x7,0x1,0x0,0x0,0x0,0x0,0x0,0x0,0x1,0x1,0x1,0x0,0x0,0x1,0x0,0x0,0x2,0x0,0x2,0x0,0x2,0x1,0x1,0x0,0x0,0x0,0x0,0x0,0x1,
0x3e,0x0,0x1,0x2,0x0,0x0,0x4,0x0,0x32,0x14,0x5c,0x65,0x96,0x5,0x9,0x3,0x17,0x6,0x1,0x5,0x1,0x1,0x1,0x0,0x0,0x1,0x1,0x1,0x1,0x0,0x0,0x0,0x0,0x0,0x3,0x0,0x2,0x1,0x1,0x0,0x1,0x1,0x0,0x0,0x0,0x0,0x1,
0x31,0x0,0x1,0x2,0x0,0x0,0x4,0x0,0x23,0x10,0x27,0x6f,0x90,0x0,0xb,0x2,0x13,0xd,0x7,0x5,0x2,0x2,0x2,0x0,0x0,0x0,0x0,0x0,0x1,0x0,0x0,0x0,0x0,0x0,0x3,0x0,0x2,0x0,0x0,0x0,0x0,0x0,0x0,0x0,0x0,0x0,0x1,
0x33,0x0,0x1,0x2,0x0,0x0,0x3,0x0,0x28,0x14,0x40,0x50,0x9d,0x0,0x11,0x1,0x14,0x10,0x7,0x4,0x2,0x2,0x2,0x0,0x0,0x0,0x0,0x2,0x0,0x0,0x0,0x1,0x0,0x0,0x2,0x0,0x2,0x0,0x0,0x0,0x0,0x0,0x0,0x0,0x0,0x0,0x1,
0x38,0x0,0x1,0x2,0x0,0x0,0x3,0x0,0x23,0x10,0x4e,0x6f,0x7e,0x0,0xe,0x8,0x11,0xe,0x12,0xa,0x0,0x0,0x0,0x1,0x1,0x0,0x0,0x0,0x1,0x0,0x0,0x1,0x0,0x0,0x2,0x0,0x2,0x0,0x0,0x1,0x2,0x2,0x1,0x2,0x1,0x1,0x1,
0x43,0x0,0x1,0x2,0x0,0x0,0x5,0x0,0x23,0x13,0x6b,0x6c,0x7a,0x0,0x13,0x0,0x15,0x5,0x8,0x0,0x1,0x1,0x0,0x0,0x0,0x0,0x0,0x1,0x0,0x0,0x0,0x0,0x1,0x1,0x2,0x0,0x2,0x0,0x0,0x0,0x1,0x2,0x2,0x1,0x2,0x2,0x1,
0x3e,0x0,0x1,0x2,0x1,0x0,0x4,0x1,0x23,0x11,0x51,0x5a,0x5f,0x2,0xe,0x2,0x11,0x10,0xf,0x5,0x2,0x2,0x2,0x2,0x2,0x0,0x0,0x2,0x0,0x0,0x0,0x1,0x0,0x0,0x2,0x0,0x2,0x1,0x0,0x0,0x0,0x0,0x2,0x1,0x2,0x1,0x1,
0x45,0x0,0x1,0x2,0x0,0x0,0x4,0x0,0x28,0x13,0x34,0x60,0x72,0x0,0x11,0x12,0xb,0x6,0x8,0xd,0x1,0x2,0x2,0x0,0x0,0x0,0x0,0x0,0x2,0x1,0x0,0x3,0x0,0x0,0x3,0x0,0x3,0x0,0x0,0x0,0x0,0x0,0x0,0x0,0x0,0x0,0x1,
0x3d,0x0,0x1,0x2,0x1,0x0,0x3,0x1,0x1e,0x10,0x4,0x27,0x40,0x0,0xb,0xb,0x11,0x11,0xd,0x5,0x1,0x2,0x2,0x0,0x0,0x0,0x0,0x1,0x0,0x0,0x0,0x1,0x0,0x0,0x2,0x0,0x3,0x0,0x1,0x1,0x1,0x0,0x0,0x0,0x1,0x1,0x0,
0x3c,0x0,0x1,0x2,0x0,0x0,0x5,0x0,0x32,0x16,0xa,0x2e,0x73,0x5,0x15,0xf,0x13,0x11,0x13,0xc,0x2,0x2,0x2,0x0,0x0,0x0,0x0,0x2,0x2,0x2,0x0,0x2,0x0,0x0,0x2,0x0,0x2,0x2,0x0,0x0,0x0,0x1,0x1,0x1,0x0,0x0,0x1,
0x55,0x0,0x1,0x2,0x0,0x0,0x3,0x0,0x28,0x14,0x5f,0x75,0x79,0x0,0x12,0x8,0x10,0xd,0x13,0xb,0x1,0x2,0x2,0x0,0x0,0x0,0x1,0x1,0x1,0x1,0x1,0x1,0x1,0x1,0x3,0x1,0x2,0x0,0x2,0x0,0x2,0x0,0x0,0x0,0x0,0x0,0x1,
0x49,0x0,0x1,0x2,0x1,0x0,0x3,0x1,0x23,0x8,0xa,0x4e,0x63,0x2,0xe,0x7,0xa,0x8,0x13,0x8,0x1,0x2,0x2,0x1,0x0,0x0,0x1,0x1,0x1,0x0,0x0,0x0,0x0,0x1,0x2,0x0,0x2,0x0,0x1,0x0,0x1,0x1,0x0,0x0,0x0,0x0,0x0,
0x37,0x0,0x1,0x2,0x1,0x0,0x3,0x1,0x23,0x7,0x4b,0x8b,0xa7,0x2,0xa,0x9,0x15,0xf,0x9,0x8,0x2,0x2,0x2,0x1,0x1,0x0,0x0,0x2,0x0,0x0,0x1,0x0,0x0,0x0,0x2,0x0,0x1,0x0,0x0,0x0,0x0,0x0,0x0,0x0,0x0,0x0,0x0,
0x38,0x0,0x1,0x2,0x0,0x0,0x4,0x0,0x23,0x13,0x4b,0x6e,0x70,0x3,0x14,0x8,0x13,0x18,0x1,0x2,0x2,0x2,0x2,0x0,0x0,0x0,0x0,0x1,0x1,0x0,0x0,0x1,0x0,0x0,0x3,0x0,0x2,0x0,0x1,0x1,0x1,0x0,0x0,0x0,0x1,0x1,0x1,
0x45,0x0,0x1,0x2,0x0,0x0,0x6,0x0,0x3c,0x17,0x44,0x53,0x9d,0x2,0x15,0x5,0x17,0xe,0x10,0xb,0x2,0x3,0x2,0x1,0x1,0x1,0x1,0x2,0x3,0x1,0x1,0x2,0x1,0x1,0x3,0x0,0x3,0x1,0x1,0x3,0x1,0x1,0x1,0x1,0x1,0x1,0x1,
0x64,0x0,0x1,0x2,0x0,0x0,0x1,0x0,0x23,0x12,0x33,0x3b,0x5f,0x0,0xe,0x4,0xf,0x5,0x13,0x8,0x2,0x2,0x2,0x1,0x1,0x0,0x0,0x0,0x0,0x0,0x0,0x0,0x0,0x0,0x2,0x0,0x2,0x0,0x0,0x0,0x0,0x2,0x2,0x1,0x1,0x1,0x1,
0x3b,0x0,0x1,0x2,0x0,0x0,0x3,0x0,0x2d,0x14,0x62,0x6a,0x73,0x0,0xf,0x8,0x14,0x11,0xe,0xb,0x3,0x3,0x2,0x1,0x1,0x0,0x0,0x0,0x2,0x0,0x1,0x0,0x0,0x0,0x3,0x0,0x3,0x0,0x0,0x0,0x0,0x2,0x2,0x1,0x1,0x1,0x0,
0x4e,0x0,0x1,0x2,0x0,0x0,0x5,0x0,0x3c,0x17,0x7,0x52,0x6b,0x0,0x19,0xe,0x14,0x16,0x12,0xe,0x2,0x2,0x2,0x1,0x1,0x1,0x1,0x2,0x2,0x1,0x1,0x1,0x1,0x1,0x3,0x1,0x3,0x1,0x1,0x1,0x1,0x2,0x2,0x1,0x1,0x1,0x2,
0x6c,0x0,0x1,0x1,0x0,0x0,0x6,0x0,0x3c,0x16,0x40,0x50,0x63,0x0,0x18,0xd,0x18,0x15,0xb,0x8,0x2,0x2,0x2,0x1,0x1,0x1,0x2,0x2,0x2,0x1,0x1,0x3,0x1,0x1,0x3,0x0,0x3,0x1,0x2,0x2,0x2,0x1,0x1,0x1,0x1,0x1,0x2,
0x6c,0x0,0x1,0x2,0x0,0x0,0x5,0x0,0x3c,0x16,0x40,0x5e,0x6b,0x5,0x17,0x10,0x1a,0x14,0x11,0x10,0x2,0x2,0x2,0x2,0x2,0x1,0x1,0x2,0x2,0x1,0x1,0x1,0x1,0x1,0x3,0x0,0x3,0x1,0x1,0x2,0x1,0x1,0x1,0x1,0x1,0x1,0x1,
0x6d,0x0,0x1,0x3,0x1,0x0,0x6,0x1,0x28,0x12,0x40,0x66,0x89,0x2,0xf,0xb,0x14,0xe,0x12,0x8,0x0,0x0,0x0,0x2,0x2,0x1,0x1,0x2,0x2,0x1,0x1,0x1,0x1,0x1,0x3,0x0,0x3,0x1,0x1,0x2,0x1,0x2,0x2,0x2,0x2,0x2,0x1,
0x61,0x0,0x1,0x2,0x0,0x0,0x5,0x0,0x37,0x18,0x54,0x5a,0x65,0x0,0x17,0x7,0x18,0x15,0x12,0x8,0x2,0x2,0x2,0x1,0x1,0x0,0x2,0x2,0x2,0x1,0x1,0x2,0x1,0x1,0x3,0x0,0x2,0x0,0x1,0x1,0x1,0x1,0x1,0x1,0x2,0x2,0x2,
0x67,0x0,0x1,0x2,0x1,0x0,0x6,0x1,0x46,0x1c,0x3e,0x44,0x9f,0x2,0x1a,0x19,0x1c,0x18,0x14,0x17,0x2,0x3,0x3,0x2,0x2,0x2,0x2,0x2,0x3,0x2,0x2,0x3,0x2,0x2,0x3,0x1,0x3,0x2,0x2,0x3,0x2,0x2,0x2,0x2,0x2,0x2,0x1,
0x96,0x0,0x1,0x2,0x0,0x0,0x6,0x0,0x4b,0x1d,0x2d,0x6e,0x94,0x3,0x19,0x18,0x1c,0x19,0x15,0x18,0x3,0x3,0x3,0x2,0x2,0x1,0x2,0x2,0x3,0x2,0x2,0x3,0x2,0x2,0x3,0x0,0x3,0x2,0x2,0x2,0x2,0x2,0x2,0x2,0x2,0x2,0x2,
0x99,0x0,0x1,0x1,0x0,0x0,0x6,0x1,0x46,0x18,0x40,0x4b,0x6c,0x3,0x1e,0x18,0x1d,0xc,0x6,0xb,0x0,0x0,0x0,0x0,0x0,0x0,0x2,0x2,0x1,0x1,0x1,0x1,0x1,0x1,0x3,0x1,0x2,0x0,0x3,0x2,0x2,0x1,0x1,0x2,0x2,0x2,0x1,
0x7a,0x0,0x2,0x2,0x0,0x0,0x4,0x0,0x28,0xc,0x61,0x71,0x8b,0x0,0xe,0x5,0xf,0xc,0xb,0x10,0x0,0x0,0x0,0x0,0x0,0x0,0x1,0x1,0x1,0x1,0x1,0x1,0x3,0x3,0x1,0x1,0x0,0x0,0x0,0x0,0x0,0x2,0x2,0x2,0x2,0x2,0x1,
0x44,0x0,0x2,0x3,0x0,0x0,0x3,0x0,0x2d,0xd,0x2f,0x68,0x6e,0x0,0x12,0x5,0xe,0x9,0xf,0x4,0x1,0x1,0x1,0x0,0x0,0x0,0x0,0x0,0x0,0x0,0x0,0x0,0x2,0x2,0x1,0x0,0x1,0x0,0x0,0x0,0x0,0x2,0x2,0x2,0x2,0x2,0x1,
0x3b,0x0,0x2,0x2,0x1,0x0,0x4,0x1,0x23,0xa,0x2b,0x33,0x76,0x0,0xb,0xa,0xd,0x8,0x12,0xe,0x0,0x0,0x0,0x1,0x1,0x0,0x0,0x0,0x1,0x0,0x0,0x1,0x2,0x2,0x0,0x0,0x0,0x0,0x0,0x1,0x1,0x3,0x3,0x3,0x3,0x3,0x0,
0x40,0x0,0x2,0x2,0x0,0x0,0x4,0x0,0x23,0xb,0x2b,0x6f,0x7d,0x0,0xe,0x11,0x8,0x8,0x13,0xd,0x0,0x0,0x0,0x1,0x1,0x0,0x0,0x0,0x0,0x1,0x1,0x0,0x2,0x2,0x0,0x0,0x0,0x0,0x0,0x0,0x0,0x3,0x3,0x3,0x2,0x2,0x1,
0x44,0x0,0x2,0x2,0x0,0x0,0x3,0x0,0x28,0x9,0x25,0x69,0x72,0x0,0x10,0x5,0x9,0x11,0x0,0xd,0x0,0x0,0x0,0x0,0x0,0x0,0x0,0x1,0x0,0x0,0x0,0x1,0x2,0x2,0x0,0x0,0x0,0x0,0x1,0x1,0x1,0x2,0x2,0x2,0x3,0x3,0x1,
0x3a,0x0,0x2,0x2,0x0,0x0,0x4,0x0,0x2d,0xd,0x6c,0x6f,0x90,0x0,0x18,0x1,0x1a,0xd,0x7,0x1,0x1,0x1,0x1,0x1,0x1,0x1,0x0,0x0,0x1,0x0,0x0,0x0,0x2,0x2,0x1,0x0,0x0,0x0,0x0,0x0,0x0,0x2,0x2,0x2,0x2,0x2,0x1,
0x47,0x0,0x2,0x2,0x0,0x0,0x4,0x0,0x2d,0xc,0x68,0x78,0xa8,0x0,0xe,0xa,0xb,0x8,0x10,0x2,0x0,0x0,0x0,0x0,0x0,0x0,0x1,0x1,0x1,0x0,0x0,0x1,0x2,0x2,0x1,0x0,0x0,0x0,0x1,0x1,0x1,0x2,0x2,0x2,0x2,0x2,0x1,
0x3c,0x0,0x2,0x2,0x0,0x0,0x4,0x0,0x32,0xc,0xa,0x10,0x51,0x2,0xd,0x14,0xd,0xf,0xf,0xd,0x0,0x0,0x0,0x2,0x0,0x1,0x0,0x0,0x1,0x0,0x0,0x0,0x2,0x2,0x1,0x0,0x0,0x1,0x0,0x0,0x0,0x2,0x2,0x2,0x2,0x2,0x1,
0x48,0x0,0x2,0x2,0x0,0x0,0x3,0x0,0x28,0xe,0x10,0x68,0x91,0x0,0x16,0x8,0x8,0x15,0xa,0x7,0x0,0x0,0x0,0x1,0x0,0x2,0x0,0x0,0x0,0x0,0x0,0x0,0x2,0x2,0x1,0x0,0x0,0x1,0x0,0x0,0x0,0x2,0x2,0x2,0x2,0x2,0x2,
0x44,0x0,0x2,0x2,0x0,0x0,0x2,0x0,0x28,0x8,0x5e,0x62,0x8b,0x0,0xe,0x7,0x11,0xb,0x9,0xb,0x0,0x0,0x0,0x0,0x0,0x0,0x0,0x0,0x0,0x0,0x0,0x0,0x2,0x2,0x0,0x0,0x0,0x0,0x0,0x0,0x0,0x2,0x2,0x2,0x2,0x2,0x1,
0x38,0x0,0x2,0x2,0x0,0x0,0x4,0x0,0x2d,0x9,0x79,0x7c,0x9e,0x0,0x12,0x7,0xd,0xc,0xb,0x7,0x0,0x0,0x0,0x0,0x0,0x0,0x1,0x2,0x1,0x0,0x0,0x2,0x2,0x2,0x0,0x0,0x0,0x0,0x1,0x1,0x1,0x2,0x2,0x2,0x2,0x2,0x1,
0x43,0x0,0x2,0x2,0x0,0x0,0x4,0x0,0x2d,0xa,0x39,0x94,0x97,0x3,0x12,0x5,0x11,0x17,0x2,0xb,0x1,0x1,0x1,0x0,0x0,0x1,0x0,0x0,0x0,0x0,0x0,0x0,0x2,0x2,0x1,0x0,0x2,0x2,0x0,0x0,0x0,0x2,0x2,0x2,0x2,0x2,0x1,
0x47,0x0,0x2,0x2,0x0,0x0,0x3,0x0,0x23,0x9,0x7a,0x93,0xa8,0x0,0xe,0xb,0x10,0xe,0x14,0x8,0x0,0x0,0x0,0x1,0x1,0x0,0x0,0x0,0x1,0x0,0x0,0x1,0x2,0x2,0x0,0x0,0x0,0x0,0x0,0x0,0x0,0x3,0x3,0x3,0x3,0x3,0x1,
0x48,0x0,0x2,0x2,0x0,0x0,0x3,0x0,0x32,0xb,0x68,0x6b,0x70,0x3,0x11,0x13,0x11,0xb,0x11,0xa,0x0,0x0,0x0,0x1,0x1,0x0,0x0,0x0,0x0,0x2,0x2,0x0,0x2,0x2,0x0,0x0,0x0,0x0,0x0,0x0,0x0,0x3,0x3,0x3,0x2,0x2,0x1,
0x4f,0x0,0x2,0x1,0x0,0x0,0x5,0x0,0x2d,0xe,0x62,0x63,0x8d,0x0,0x14,0x0,0x1b,0x7,0x9,0x1,0x1,0x1,0x1,0x1,0x1,0x1,0x0,0x0,0x1,0x0,0x0,0x0,0x2,0x2,0x1,0x0,0x0,0x0,0x0,0x0,0x0,0x3,0x2,0x2,0x3,0x2,0x1,
0x42,0x0,0x2,0x2,0x0,0x0,0x5,0x0,0x28,0xd,0x10,0x53,0x90,0x0,0x12,0xb,0xf,0x9,0xa,0x8,0x1,0x1,0x1,0x1,0x1,0x2,0x0,0x0,0x1,0x0,0x0,0x0,0x2,0x2,0x1,0x0,0x0,0x3,0x0,0x0,0x0,0x2,0x2,0x2,0x2,0x2,0x1,
0x48,0x0,0x2,0x2,0x1,0x0,0x4,0x1,0x28,0x5,0x1,0x4e,0x93,0x0,0x9,0x7,0x15,0x13,0xd,0xe,0x0,0x0,0x0,0x0,0x0,0x0,0x0,0x1,0x0,0x0,0x0,0x0,0x2,0x2,0x0,0x0,0x0,0x0,0x0,0x0,0x1,0x2,0x2,0x2,0x2,0x2,0x0,
0x40,0x0,0x2,0x2,0x1,0x0,0x4,0x1,0x28,0xd,0x2e,0x71,0x84,0x2,0x16,0xd,0x12,0xf,0x14,0x8,0x0,0x0,0x0,0x0,0x0,0x0,0x0,0x0,0x1,0x1,0x1,0x0,0x2,0x2,0x0,0x0,0x0,0x0,0x0,0x0,0x1,0x2,0x2,0x2,0x2,0x2,0x0,
0x4b,0x0,0x2,0x2,0x0,0x0,0x5,0x0,0x28,0x8,0x2f,0x65,0x67,0x5,0x15,0x4,0x16,0xe,0x8,0x6,0x0,0x0,0x0,0x1,0x0,0x0,0x0,0x2,0x1,0x0,0x0,0x0,0x2,0x2,0x1,0x0,0x0,0x1,0x0,0x0,0x0,0x2,0x2,0x2,0x2,0x2,0x0,
0x43,0x0,0x2,0x2,0x0,0x0,0x3,0x0,0x28,0xc,0x57,0x5b,0xa6,0x0,0xe,0xd,0x11,0x9,0x8,0xb,0x1,0x1,0x0,0x0,0x0,0x1,0x0,0x0,0x2,0x0,0x0,0x0,0x2,0x2,0x2,0x0,0x1,0x1,0x0,0x0,0x0,0x2,0x2,0x2,0x2,0x2,0x1,
0x42,0x0,0x2,0x3,0x1,0x0,0x4,0x1,0x2d,0xb,0x2b,0x2e,0x54,0x0,0xc,0x5,0xd,0xe,0x11,0x7,0x1,0x1,0x1,0x0,0x0,0x1,0x0,0x1,0x0,0x0,0x0,0x1,0x2,0x2,0x1,0x0,0x1,0x1,0x0,0x0,0x0,0x2,0x2,0x2,0x2,0x2,0x1,
0x40,0x0,0x2,0x2,0x0,0x0,0x5,0x0,0x32,0xe,0x16,0x1e,0xa7,0x2,0x13,0x15,0xe,0xd,0xc,0x19,0x0,0x0,0x0,0x0,0x0,0x0,0x1,0x2,0x2,0x1,0x1,0x2,0x3,0x3,0x1,0x1,0x0,0x2,0x0,0x1,0x1,0x3,0x2,0x2,0x3,0x2,0x2,
0x63,0x0,0x2,0x2,0x0,0x0,0x4,0x0,0x28,0xb,0x4,0x2b,0x71,0x0,0x13,0x9,0x11,0xd,0x11,0x3,0x0,0x1,0x1,0x0,0x0,0x2,0x1,0x1,0x1,0x1,0x1,0x1,0x3,0x3,0x1,0x1,0x1,0x2,0x0,0x0,0x0,0x2,0x2,0x2,0x2,0x2,0x1,
0x50,0x0,0x2,0x2,0x0,0x0,0x5,0x0,0x23,0xd,0x6d,0x7d,0xa7,0x0,0xd,0x1,0x14,0xa,0x8,0x4,0x0,0x0,0x0,0x1,0x1,0x0,0x0,0x0,0x1,0x0,0x0,0x0,0x2,0x2,0x1,0x0,0x0,0x0,0x0,0x0,0x0,0x3,0x3,0x3,0x3,0x3,0x1,
0x40,0x0,0x2,0x2,0x0,0x0,0x5,0x0,0x32,0xe,0x6e,0x7e,0x90,0x3,0x11,0x8,0x15,0x11,0xe,0xd,0x0,0x1,0x1,0x1,0x1,0x1,0x0,0x0,0x2,0x0,0x0,0x1,0x2,0x3,0x1,0x0,0x0,0x1,0x0,0x0,0x0,0x3,0x3,0x3,0x3,0x3,0x1,
0x58,0x0,0x2,0x1,0x0,0x0,0x6,0x0,0x3c,0xf,0x4,0x44,0x63,0x0,0x14,0xe,0x18,0x17,0x11,0xe,0x1,0x1,0x1,0x2,0x2,0x1,0x1,0x1,0x3,0x1,0x1,0x2,0x3,0x3,0x3,0x1,0x1,0x2,0x1,0x2,0x1,0x3,0x3,0x3,0x3,0x3,0x1,
0x7c,0x0,0x2,0x2,0x0,0x0,0x5,0x0,0x32,0xd,0x2f,0x33,0x69,0x0,0x11,0x4,0x13,0x12,0xa,0xc,0x1,0x1,0x0,0x0,0x0,0x1,0x1,0x2,0x3,0x1,0x3,0x1,0x3,0x3,0x3,0x1,0x1,0x1,0x0,0x2,0x1,0x3,0x3,0x3,0x3,0x3,0x1,
0x64,0x0,0x2,0x2,0x0,0x0,0x5,0x0,0x28,0xc,0x51,0x62,0x8d,0x0,0xf,0x7,0x12,0xe,0x11,0xb,0x1,0x1,0x1,0x0,0x0,0x1,0x0,0x1,0x3,0x0,0x0,0x0,0x2,0x2,0x3,0x0,0x1,0x1,0x0,0x1,0x0,0x3,0x2,0x2,0x2,0x2,0x1,
0x53,0x0,0x2,0x2,0x0,0x0,0x4,0x0,0x28,0xb,0x10,0x44,0xa1,0x0,0xe,0x8,0xe,0xb,0x7,0x9,0x1,0x1,0x1,0x1,0x1,0x1,0x0,0x1,0x3,0x0,0x2,0x0,0x2,0x2,0x3,0x0,0x0,0x0,0x0,0x1,0x0,0x2,0x2,0x2,0x2,0x2,0x1,
0x48,0x0,0x2,0x2,0x0,0x0,0x6,0x0,0x41,0x1d,0x7,0x6c,0x80,0x0,0x1d,0x1c,0x1e,0x18,0x18,0x6,0x2,0x2,0x2,0x1,0x1,0x2,0x2,0x2,0x2,0x2,0x2,0x1,0x3,0x3,0x3,0x1,0x1,0x2,0x2,0x1,0x1,0x3,0x3,0x2,0x2,0x2,0x2,
0x90,0x0,0x2,0x2,0x0,0x0,0x3,0x0,0x28,0x4,0x1,0x2e,0x3a,0x0,0x7,0x6,0xa,0x4,0x6,0xf,0x0,0x0,0x0,0x0,0x0,0x0,0x1,0x0,0x2,0x1,0x2,0x2,0x1,0x1,0x0,0x0,0x0,0x0,0x0,0x2,0x3,0x0,0x3,0x0,0x0,0x0,0x0,
0x3d,0x0,0x2,0x2,0x0,0x0,0x4,0x0,0x2d,0x7,0x5e,0x65,0x6d,0x5,0xf,0xa,0x9,0x8,0xe,0x7,0x0,0x0,0x1,0x0,0x0,0x2,0x2,0x1,0x3,0x0,0x0,0x1,0x2,0x2,0x1,0x0,0x1,0x2,0x1,0x1,0x1,0x3,0x1,0x2,0x2,0x2,0x1,
0x49,0x0,0x3,0x2,0x0,0x0,0x4,0x0,0x28,0x4,0x27,0x2e,0x58,0x0,0xb,0xc,0xe,0x8,0x12,0xd,0x0,0x0,0x0,0x2,0x2,0x0,0x1,0x1,0x1,0x1,0x1,0x1,0x1,0x1,0x1,0x1,0x0,0x0,0x0,0x0,0x0,0x2,0x2,0x2,0x2,0x2,0x0,
0x44,0x0,0x3,0x2,0x1,0x0,0x4,0x1,0x2d,0x6,0x16,0x2f,0x44,0x2,0x11,0xd,0x13,0xb,0x10,0x14,0x1,0x1,0x1,0x2,0x2,0x0,0x0,0x0,0x0,0x0,0x0,0x0,0x0,0x0,0x1,0x0,0x1,0x0,0x0,0x0,0x0,0x2,0x2,0x2,0x2,0x2,0x0,
0x4c,0x0,0x3,0x2,0x0,0x0,0x4,0x0,0x23,0x5,0x59,0x68,0x6f,0x0,0xe,0x8,0x11,0x9,0x6,0x4,0x0,0x0,0x0,0x2,0x2,0x0,0x0,0x0,0x0,0x0,0x0,0x0,0x1,0x1,0x0,0x0,0x0,0x0,0x0,0x0,0x0,0x3,0x3,0x3,0x3,0x3,0x0,
0x3b,0x0,0x3,0x2,0x1,0x0,0x3,0x1,0x32,0x5,0x29,0x56,0xa0,0x0,0x6,0x12,0xc,0x3,0x15,0x13,0x0,0x0,0x0,0x3,0x3,0x0,0x0,0x0,0x0,0x1,0x1,0x0,0x0,0x0,0x0,0x0,0x0,0x0,0x0,0x0,0x0,0x3,0x3,0x3,0x2,0x2,0x0,
0x43,0x0,0x3,0x2,0x1,0x0,0x5,0x1,0x1e,0x3,0x2f,0x34,0x75,0x0,0xb,0xb,0x9,0xc,0x12,0x7,0x0,0x0,0x0,0x2,0x2,0x0,0x0,0x1,0x0,0x0,0x0,0x1,0x0,0x0,0x0,0x0,0x0,0x0,0x1,0x1,0x1,0x2,0x2,0x2,0x3,0x3,0x0,
0x43,0x0,0x3,0x2,0x0,0x0,0x4,0x0,0x28,0x4,0xa,0x27,0x51,0x0,0x9,0x7,0x14,0xe,0x17,0xd,0x1,0x1,0x1,0x3,0x3,0x1,0x0,0x0,0x1,0x0,0x0,0x0,0x0,0x0,0x1,0x0,0x0,0x0,0x0,0x0,0x0,0x2,0x2,0x2,0x2,0x2,0x1,
0x4b,0x0,0x3,0x2,0x1,0x0,0x4,0x1,0x28,0x5,0x6a,0x99,0xa8,0x0,0x6,0xe,0x11,0xc,0x12,0x5,0x0,0x0,0x0,0x2,0x2,0x0,0x1,0x1,0x1,0x0,0x0,0x1,0x0,0x0,0x0,0x0,0x0,0x0,0x1,0x1,0x1,0x2,0x2,0x2,0x2,0x2,0x0,
0x3f,0x0,0x3,0x2,0x1,0x0,0x4,0x1,0x32,0x5,0x38,0x80,0xa6,0x2,0xc,0x11,0x8,0xf,0x16,0xd,0x0,0x0,0x0,0x2,0x2,0x1,0x0,0x0,0x1,0x0,0x0,0x0,0x0,0x0,0x1,0x0,0x0,0x1,0x0,0x0,0x0,0x2,0x2,0x2,0x2,0x2,0x1,
0x48,0x0,0x3,0x2,0x1,0x0,0x5,0x1,0x28,0xc,0x24,0x62,0x9b,0x0,0x7,0x8,0x6,0xd,0xe,0x13,0x0,0x0,0x0,0x2,0x2,0x2,0x0,0x0,0x1,0x0,0x0,0x0,0x0,0x0,0x1,0x0,0x0,0x2,0x0,0x0,0x0,0x2,0x2,0x2,0x2,0x2,0x2,
0x41,0x0,0x3,0x2,0x1,0x0,0x2,0x1,0x32,0x2,0x21,0x2f,0x32,0x0,0xb,0x4,0x8,0xd,0x11,0xb,0x0,0x0,0x0,0x2,0x2,0x0,0x0,0x0,0x0,0x0,0x0,0x0,0x0,0x0,0x0,0x0,0x0,0x0,0x0,0x0,0x0,0x2,0x2,0x2,0x2,0x2,0x0,
0x34,0x0,0x3,0x2,0x1,0x0,0x4,0x1,0x28,0x5,0x39,0x75,0x99,0x2,0xd,0x8,0x8,0x7,0x9,0x1,0x0,0x0,0x0,0x2,0x2,0x0,0x1,0x1,0x1,0x0,0x0,0x1,0x0,0x0,0x0,0x0,0x0,0x0,0x0,0x1,0x1,0x2,0x2,0x2,0x2,0x2,0x0,
0x31,0x0,0x3,0x2,0x1,0x0,0x3,0x1,0x28,0x3,0x51,0x7e,0x95,0x0,0x8,0x5,0xe,0xc,0x11,0x8,0x0,0x0,0x0,0x2,0x2,0x0,0x0,0x0,0x0,0x0,0x0,0x0,0x0,0x0,0x0,0x0,0x0,0x0,0x0,0x0,0x0,0x2,0x2,0x2,0x2,0x2,0x0,
0x34,0x0,0x3,0x2,0x0,0x0,0x4,0x0,0x28,0x6,0x2d,0x58,0x65,0x0,0x10,0xc,0x14,0x14,0xe,0xb,0x0,0x0,0x0,0x2,0x2,0x2,0x1,0x1,0x1,0x1,0x1,0x1,0x1,0x1,0x1,0x1,0x0,0x2,0x0,0x0,0x0,0x2,0x2,0x2,0x2,0x2,0x0,
0x54,0x0,0x3,0x2,0x0,0x0,0x4,0x0,0x23,0x5,0xa,0x52,0x7d,0x0,0xf,0xa,0x15,0xd,0xb,0x12,0x0,0x0,0x0,0x2,0x2,0x0,0x1,0x1,0x1,0x0,0x0,0x1,0x2,0x2,0x1,0x0,0x0,0x0,0x0,0x1,0x1,0x3,0x3,0x3,0x3,0x3,0x1,
0x51,0x0,0x3,0x2,0x1,0x0,0x3,0x1,0x1e,0x3,0x16,0x48,0x7a,0x0,0x11,0x6,0x11,0xf,0x14,0x8,0x0,0x0,0x0,0x2,0x2,0x0,0x0,0x2,0x1,0x0,0x0,0x2,0x0,0x0,0x0,0x0,0x0,0x0,0x2,0x1,0x1,0x2,0x2,0x2,0x3,0x3,0x1,
0x4d,0x0,0x3,0x2,0x1,0x0,0x4,0x1,0x2d,0x6,0x4,0x19,0x66,0x2,0xe,0xb,0x12,0xc,0x11,0xd,0x1,0x1,0x0,0x2,0x2,0x1,0x0,0x0,0x2,0x0,0x1,0x1,0x0,0x0,0x2,0x0,0x0,0x0,0x0,0x0,0x0,0x2,0x2,0x2,0x2,0x2,0x0,
0x4e,0x0,0x3,0x2,0x0,0x0,0x4,0x0,0x28,0x4,0x48,0x7c,0xa7,0x0,0x9,0xd,0x14,0x13,0x17,0x1e,0x0,0x0,0x0,0x3,0x2,0x0,0x1,0x0,0x1,0x2,0x2,0x1,0x0,0x1,0x0,0x0,0x0,0x0,0x0,0x0,0x0,0x2,0x2,0x2,0x2,0x2,0x0,
0x59,0x0,0x3,0x1,0x1,0x0,0x5,0x1,0x32,0x7,0x13,0x44,0x53,0x2,0x14,0x7,0xb,0x11,0x13,0xb,0x1,0x1,0x0,0x2,0x2,0x3,0x0,0x0,0x2,0x0,0x0,0x1,0x0,0x0,0x1,0x0,0x1,0x3,0x0,0x1,0x0,0x2,0x2,0x2,0x2,0x2,0x1,
0x54,0x0,0x3,0x3,0x1,0x0,0x6,0x1,0x32,0x7,0x40,0x62,0x99,0x0,0x10,0xd,0x13,0x8,0x13,0xc,0x2,0x2,0x2,0x1,0x1,0x0,0x0,0x0,0x0,0x1,0x1,0x1,0x0,0x0,0x0,0x0,0x3,0x0,0x0,0x1,0x0,0x3,0x3,0x3,0x2,0x2,0x0,
0x54,0x0,0x3,0x2,0x1,0x0,0x5,0x1,0x32,0x7,0x3f,0x4a,0x52,0x2,0x14,0x7,0x13,0x11,0x16,0xc,0x1,0x1,0x1,0x3,0x3,0x1,0x0,0x0,0x1,0x2,0x0,0x2,0x0,0x0,0x1,0x0,0x1,0x1,0x0,0x1,0x0,0x2,0x2,0x2,0x2,0x2,0x0,
0x5a,0x0,0x3,0x2,0x1,0x0,0x5,0x1,0x32,0x8,0xa,0x48,0x5d,0x2,0xa,0x7,0x8,0xe,0x16,0x9,0x1,0x1,0x1,0x2,0x2,0x1,0x3,0x0,0x3,0x0,0x2,0x0,0x0,0x0,0x1,0x1,0x1,0x1,0x2,0x3,0x3,0x3,0x2,0x2,0x2,0x2,0x0,
0x46,0x0,0x3,0x2,0x1,0x0,0x6,0x1,0x3c,0xf,0x35,0x84,0x85,0x3,0x1b,0x13,0xc,0x14,0x17,0x17,0x1,0x1,0x1,0x2,0x2,0x1,0x1,0x1,0x2,0x0,0x0,0x1,0x0,0x0,0x2,0x0,0x1,0x1,0x0,0x2,0x0,0x2,0x2,0x2,0x2,0x2,0x0,
0x67,0x0,0x3,0x2,0x0,0x0,0x5,0x0,0x32,0x5,0x78,0x7b,0x7c,0x0,0xe,0x14,0x8,0x9,0x10,0x14,0x0,0x0,0x0,0x3,0x3,0x0,0x1,0x0,0x2,0x1,0x1,0x1,0x0,0x0,0x3,0x0,0x0,0x0,0x0,0x2,0x0,0x3,0x3,0x3,0x2,0x2,0x1,
0x54,0x0,0x3,0x1,0x0,0x0,0x6,0x0,0x46,0x18,0x3d,0x81,0x94,0x2,0x19,0x1b,0xf,0x18,0x12,0x18,0x2,0x2,0x2,0x3,0x2,0x2,0x1,0x1,0x2,0x1,0x1,0x3,0x3,0x1,0x3,0x1,0x2,0x3,0x1,0x2,0x1,0x3,0x3,0x3,0x3,0x3,0x1,
0x8a,0x0,0x3,0x2,0x1,0x0,0x6,0x1,0x4b,0x1c,0x3f,0x9f,0xa0,0x2,0x1b,0x18,0x18,0xc,0x18,0xc,0x2,0x2,0x2,0x3,0x3,0x2,0x1,0x1,0x2,0x2,0x2,0x3,0x2,0x2,0x2,0x2,0x3,0x3,0x3,0x1,0x1,0x3,0x3,0x3,0x3,0x3,0x2,
0x90,0x0,0x3,0x2,0x1,0x0,0x6,0x1,0x3c,0x16,0x19,0x40,0x9d,0x2,0x18,0x16,0x12,0x14,0x18,0x16,0x1,0x1,0x1,0x2,0x2,0x2,0x1,0x1,0x2,0x2,0x2,0x2,0x2,0x2,0x2,0x2,0x1,0x1,0x2,0x2,0x2,0x3,0x3,0x3,0x3,0x3,0x2,
0x84,0x0,0x3,0x2,0x0,0x0,0x1,0x0,0x23,0x4,0xa,0x34,0xa8,0x0,0x7,0x8,0xd,0x5,0xe,0xb,0x0,0x0,0x0,0x0,0x0,0x3,0x1,0x1,0x1,0x1,0x1,0x1,0x1,0x0,0x0,0x0,0x0,0x3,0x0,0x1,0x0,0x2,0x1,0x1,0x0,0x0,0x2,
0x8a,0x0,0x4,0x2,0x0,0x0,0x4,0x0,0x28,0xa,0x23,0x27,0x2b,0x0,0xf,0x18,0xb,0xd,0x6,0x12,0x0,0x0,0x0,0x2,0x2,0x0,0x1,0x1,0x1,0x3,0x3,0x1,0x1,0x1,0x1,0x1,0x0,0x0,0x0,0x0,0x0,0x2,0x2,0x2,0x0,0x0,0x2,
0x4c,0x0,0x4,0x2,0x0,0x0,0x3,0x0,0x2d,0xf,0x1,0x22,0x72,0x0,0xe,0x1a,0xa,0xc,0x5,0x11,0x1,0x1,0x1,0x2,0x2,0x0,0x0,0x0,0x0,0x2,0x2,0x0,0x0,0x0,0x1,0x0,0x2,0x0,0x0,0x0,0x0,0x2,0x2,0x2,0x0,0x0,0x1,
0x48,0x0,0x4,0x2,0x0,0x0,0x4,0x0,0x28,0x7,0x4,0x21,0x24,0x0,0x11,0x14,0x6,0x9,0x2,0x13,0x0,0x0,0x0,0x2,0x2,0x0,0x0,0x0,0x0,0x2,0x2,0x0,0x1,0x1,0x0,0x0,0x0,0x0,0x0,0x0,0x0,0x3,0x3,0x3,0x2,0x2,0x2,
0x44,0x0,0x4,0x2,0x1,0x0,0x4,0x1,0x23,0x7,0x20,0x5b,0xa4,0x2,0xc,0x14,0x6,0xb,0xe,0x7,0x0,0x0,0x0,0x3,0x3,0x0,0x0,0x0,0x0,0x2,0x2,0x0,0x0,0x0,0x0,0x0,0x0,0x0,0x0,0x0,0x0,0x3,0x3,0x3,0x2,0x2,0x1,
0x41,0x0,0x4,0x2,0x0,0x0,0x1,0x0,0x1e,0x6,0x60,0x6a,0x76,0x0,0x12,0x12,0xc,0xf,0x9,0x5,0x0,0x0,0x0,0x2,0x2,0x0,0x0,0x1,0x0,0x2,0x2,0x1,0x0,0x0,0x0,0x0,0x0,0x0,0x1,0x1,0x1,0x2,0x2,0x2,0x1,0x1,0x2,
0x44,0x0,0x4,0x2,0x0,0x0,0x3,0x0,0x28,0xb,0x61,0x6a,0x71,0x0,0x10,0x11,0x9,0x6,0x2,0xe,0x1,0x1,0x1,0x2,0x2,0x1,0x0,0x0,0x1,0x2,0x2,0x0,0x0,0x0,0x1,0x0,0x0,0x0,0x0,0x0,0x0,0x2,0x2,0x2,0x0,0x0,0x2,
0x3c,0x0,0x4,0x2,0x0,0x0,0x3,0x0,0x2d,0x9,0x61,0x71,0x93,0x0,0xe,0x12,0x8,0x9,0xd,0xd,0x0,0x0,0x0,0x2,0x2,0x0,0x1,0x1,0x1,0x2,0x2,0x1,0x0,0x0,0x1,0x0,0x0,0x0,0x1,0x1,0x1,0x2,0x2,0x2,0x0,0x0,0x2,
0x44,0x0,0x4,0x2,0x0,0x0,0x4,0x0,0x32,0xc,0x2d,0x38,0x39,0x0,0xc,0x18,0x8,0x11,0xc,0xa,0x0,0x0,0x0,0x2,0x2,0x1,0x0,0x0,0x1,0x2,0x2,0x0,0x0,0x0,0x1,0x0,0x0,0x1,0x0,0x0,0x0,0x2,0x2,0x2,0x0,0x0,0x2,
0x47,0x0,0x4,0x2,0x0,0x0,0x4,0x0,0x28,0x3,0x2f,0x76,0x8b,0x0,0x8,0x5,0x7,0x2,0x7,0x2,0x0,0x0,0x0,0x2,0x2,0x0,0x0,0x0,0x0,0x2,0x2,0x0,0x0,0x0,0x1,0x0,0x0,0x0,0x1,0x1,0x1,0x2,0x2,0x2,0x0,0x0,0x2,
0x2a,0x0,0x4,0x2,0x0,0x0,0x5,0x0,0x28,0x8,0x2f,0x5b,0xa4,0x0,0x11,0xb,0x4,0x2,0x9,0xe,0x0,0x0,0x0,0x2,0x2,0x0,0x0,0x0,0x0,0x2,0x2,0x0,0x0,0x0,0x0,0x0,0x0,0x0,0x0,0x2,0x3,0x2,0x2,0x2,0x0,0x0,0x2,
0x33,0x0,0x4,0x2,0x0,0x0,0x4,0x0,0x23,0x9,0x32,0x68,0x71,0x0,0xd,0x14,0xe,0xb,0x3,0x10,0x0,0x0,0x0,0x2,0x2,0x0,0x0,0x1,0x0,0x2,0x2,0x1,0x0,0x0,0x0,0x0,0x0,0x0,0x1,0x1,0x1,0x2,0x2,0x2,0x1,0x1,0x2,
0x44,0x0,0x4,0x2,0x0,0x0,0x3,0x0,0x28,0xc,0x79,0x7a,0x7d,0x0,0xb,0x15,0x7,0x6,0x14,0xb,0x1,0x1,0x0,0x2,0x2,0x1,0x0,0x0,0x2,0x3,0x2,0x1,0x0,0x0,0x1,0x0,0x1,0x1,0x0,0x1,0x1,0x2,0x3,0x3,0x0,0x0,0x2,
0x47,0x0,0x4,0x2,0x0,0x0,0x3,0x0,0x28,0xb,0x1b,0x24,0x7c,0x0,0xf,0x12,0x8,0x3,0xc,0xf,0x1,0x1,0x1,0x3,0x3,0x1,0x0,0x1,0x2,0x2,0x2,0x1,0x0,0x0,0x2,0x0,0x0,0x0,0x0,0x0,0x0,0x2,0x2,0x2,0x0,0x0,0x2,
0x49,0x0,0x4,0x2,0x0,0x0,0x4,0x0,0x28,0xa,0x13,0x71,0x73,0x0,0xe,0x7,0x8,0x4,0x5,0x3,0x1,0x1,0x1,0x2,0x2,0x0,0x0,0x0,0x0,0x2,0x2,0x0,0x0,0x0,0x1,0x0,0x1,0x0,0x1,0x0,0x0,0x2,0x2,0x2,0x0,0x0,0x2,
0x34,0x0,0x4,0x2,0x0,0x0,0x5,0x0,0x2d,0x9,0x33,0x75,0x76,0x0,0xc,0x14,0xb,0x8,0xa,0x11,0x0,0x0,0x0,0x2,0x2,0x0,0x1,0x2,0x2,0x2,0x2,0x1,0x0,0x0,0x3,0x0,0x0,0x0,0x1,0x2,0x2,0x2,0x2,0x2,0x0,0x0,0x2,
0x51,0x0,0x4,0x2,0x0,0x0,0x5,0x0,0x28,0xd,0x75,0x8a,0x92,0x0,0x13,0x11,0x7,0xa,0xf,0x17,0x0,0x0,0x0,0x3,0x3,0x0,0x0,0x0,0x2,0x2,0x2,0x0,0x0,0x0,0x3,0x0,0x0,0x0,0x0,0x2,0x0,0x3,0x3,0x3,0x1,0x1,0x2,
0x58,0x0,0x4,0x2,0x0,0x0,0x4,0x0,0x23,0xa,0x2d,0x32,0xa9,0x0,0xe,0xf,0xc,0xe,0xf,0x9,0x0,0x0,0x0,0x2,0x2,0x0,0x0,0x0,0x1,0x2,0x2,0x0,0x1,0x1,0x1,0x0,0x0,0x0,0x0,0x0,0x0,0x3,0x3,0x3,0x2,0x2,0x1,
0x4b,0x0,0x4,0x2,0x0,0x0,0x4,0x0,0x1e,0x6,0x5c,0x60,0x7f,0x2,0x8,0xb,0x8,0x5,0x1,0x3,0x1,0x1,0x1,0x3,0x3,0x1,0x0,0x0,0x1,0x2,0x2,0x1,0x0,0x0,0x2,0x0,0x0,0x0,0x0,0x0,0x0,0x2,0x2,0x2,0x0,0x0,0x2,
0x32,0x0,0x4,0x2,0x0,0x0,0x4,0x0,0x2d,0x9,0x55,0x69,0x71,0x0,0xe,0xc,0x13,0x7,0xa,0x6,0x1,0x1,0x1,0x2,0x2,0x1,0x0,0x0,0x1,0x3,0x3,0x1,0x0,0x0,0x2,0x0,0x0,0x0,0x0,0x0,0x0,0x3,0x3,0x3,0x0,0x0,0x1,
0x47,0x0,0x4,0x2,0x0,0x0,0x5,0x0,0x32,0xb,0x33,0x4e,0x65,0x0,0x11,0xe,0x14,0xd,0xa,0x10,0x1,0x1,0x1,0x2,0x2,0x1,0x0,0x0,0x2,0x3,0x3,0x1,0x0,0x0,0x3,0x0,0x0,0x0,0x0,0x0,0x0,0x3,0x3,0x3,0x0,0x0,0x1,
0x57,0x0,0x4,0x2,0x0,0x0,0x4,0x0,0x32,0x9,0x32,0x7a,0x80,0x0,0x8,0xd,0x9,0x6,0x7,0xf,0x0,0x0,0x0,0x2,0x2,0x0,0x1,0x1,0x1,0x2,0x2,0x1,0x0,0x0,0x2,0x0,0x0,0x0,0x1,0x1,0x1,0x2,0x2,0x2,0x0,0x0,0x1,
0x3e,0x0,0x4,0x3,0x0,0x0,0x6,0x0,0x46,0x18,0x63,0x82,0x96,0x0,0x18,0x1e,0x17,0x15,0x12,0x12,0x1,0x1,0x1,0x3,0x3,0x1,0x1,0x1,0x2,0x3,0x3,0x1,0x1,0x1,0x3,0x1,0x1,0x1,0x1,0x2,0x1,0x3,0x3,0x3,0x1,0x1,0x3,
0x81,0x0,0x4,0x2,0x0,0x0,0x6,0x0,0x46,0x18,0x1e,0x71,0x9d,0x0,0x19,0x12,0x15,0x18,0xf,0x17,0x1,0x1,0x1,0x3,0x3,0x1,0x2,0x2,0x3,0x3,0x3,0x1,0x1,0x1,0x3,0x1,0x1,0x1,0x2,0x1,0x1,0x3,0x3,0x3,0x1,0x1,0x3,
0x80,0x0,0x4,0x2,0x0,0x0,0x6,0x0,0x50,0xf,0x1b,0x83,0xa3,0x0,0x16,0x7,0xc,0xd,0x18,0x4,0x2,0x2,0x2,0x3,0x3,0x3,0x1,0x1,0x3,0x3,0x3,0x1,0x1,0x1,0x3,0x2,0x2,0x2,0x2,0x2,0x2,0x2,0x2,0x2,0x2,0x1,0x2,
0x72,0x0,0x4,0x2,0x0,0x0,0x6,0x0,0x50,0x0,0x3c,0x9e,0xa2,0x0,0xa,0x1b,0xb,0xe,0x18,0x1e,0x2,0x2,0x2,0x3,0x3,0x3,0x1,0x3,0x3,0x3,0x3,0x3,0x1,0x1,0x3,0x1,0x2,0x3,0x3,0x3,0x3,0x3,0x3,0x3,0x1,0x1,0x2,
0x8f,0x0,0x4,0x2,0x0,0x0,0x2,0x0,0x1e,0x3,0x1b,0x76,0x7a,0x0,0x8,0xe,0xd,0x13,0x7,0xe,0x0,0x0,0x0,0x0,0x0,0x0,0x1,0x1,0x1,0x3,0x3,0x1,0x1,0x1,0x1,0x0,0x0,0x0,0x1,0x1,0x2,0x0,0x0,0x0,0x0,0x1,0x2,
0x32,0x0,0x4,0x0,0x0,0x0,0x1,0x0,0x2d,0x10,0xd,0x16,0x67,0x0,0x8,0x4,0x7,0x4,0x9,0x7,0x0,0x0,0x0,0x0,0x0,0x0,0x0,0x1,0x2,0x3,0x3,0x2,0x2,0x1,0x2,0x0,0x1,0x1,0x1,0x2,0x0,0x1,0x3,0x0,0x1,0x1,0x2,
0x4d,0x0,0x5,0x2,0x0,0x0,0x3,0x0,0x23,0x2,0x8b,0x95,0xa2,0x0,0xb,0x8,0xe,0x9,0xb,0x7,0x0,0x0,0x0,0x0,0x0,0x0,0x1,0x3,0x1,0x1,0x1,0x3,0x1,0x1,0x1,0x1,0x0,0x0,0x2,0x2,0x2,0x0,0x0,0x0,0x2,0x2,0x0,
0x3c,0x0,0x5,0x2,0x0,0x0,0x4,0x0,0x28,0x4,0x25,0x5f,0x84,0x0,0xd,0x5,0xb,0xe,0xb,0x9,0x1,0x1,0x1,0x0,0x0,0x1,0x0,0x2,0x0,0x0,0x0,0x2,0x0,0x0,0x1,0x0,0x1,0x1,0x2,0x2,0x2,0x0,0x0,0x0,0x2,0x2,0x1,
0x3f,0x0,0x5,0x2,0x0,0x0,0x4,0x0,0x1e,0x1,0x13,0x36,0x4e,0x0,0x6,0xb,0xe,0x12,0x8,0x7,0x0,0x0,0x0,0x0,0x0,0x0,0x0,0x2,0x0,0x0,0x0,0x2,0x1,0x1,0x0,0x0,0x0,0x0,0x2,0x2,0x2,0x2,0x2,0x2,0x3,0x3,0x0,
0x3e,0x0,0x5,0x2,0x1,0x0,0x3,0x1,0x1e,0x0,0x2e,0x4e,0x75,0x0,0xb,0x2,0xd,0x7,0xc,0x8,0x0,0x0,0x0,0x1,0x1,0x0,0x0,0x2,0x0,0x0,0x0,0x2,0x0,0x0,0x0,0x0,0x0,0x0,0x2,0x2,0x2,0x1,0x1,0x1,0x3,0x3,0x0,
0x36,0x0,0x5,0x2,0x0,0x0,0x4,0x0,0x28,0x4,0x32,0x38,0x39,0x0,0x11,0xd,0xa,0xc,0x5,0x13,0x0,0x0,0x0,0x1,0x1,0x0,0x0,0x2,0x0,0x1,0x1,0x2,0x0,0x0,0x0,0x0,0x0,0x0,0x2,0x2,0x2,0x1,0x1,0x1,0x2,0x2,0x1,
0x45,0x0,0x5,0x2,0x0,0x0,0x4,0x0,0x23,0x6,0x56,0x76,0xa4,0x0,0xd,0x8,0x10,0x8,0xd,0xe,0x1,0x1,0x1,0x1,0x1,0x1,0x0,0x2,0x1,0x0,0x0,0x2,0x0,0x0,0x1,0x0,0x0,0x0,0x2,0x2,0x2,0x0,0x0,0x0,0x2,0x2,0x1,
0x41,0x0,0x5,0x2,0x0,0x0,0x4,0x0,0x28,0x4,0x8b,0x8f,0xa3,0x0,0xc,0x8,0x9,0x9,0x4,0x1,0x0,0x0,0x0,0x0,0x0,0x0,0x1,0x3,0x1,0x0,0x0,0x3,0x0,0x0,0x1,0x0,0x0,0x0,0x3,0x3,0x3,0x0,0x0,0x0,0x2,0x2,0x1,
0x33,0x0,0x5,0x2,0x0,0x0,0x4,0x0,0x2d,0x3,0x2f,0x40,0x8d,0x0,0xd,0x7,0x10,0x14,0x9,0x7,0x1,0x1,0x0,0x0,0x0,0x1,0x0,0x2,0x1,0x0,0x0,0x2,0x0,0x0,0x1,0x0,0x1,0x1,0x2,0x2,0x2,0x0,0x0,0x0,0x2,0x2,0x1,
0x40,0x0,0x5,0x2,0x1,0x0,0x3,0x1,0x28,0x7,0x29,0x48,0x93,0x2,0x8,0x8,0x7,0xd,0xb,0xe,0x0,0x0,0x0,0x0,0x0,0x0,0x1,0x2,0x1,0x0,0x0,0x2,0x0,0x0,0x0,0x0,0x0,0x0,0x2,0x2,0x2,0x0,0x0,0x0,0x2,0x2,0x2,
0x3a,0x0,0x5,0x2,0x0,0x0,0x2,0x0,0x23,0x2,0x4e,0x61,0x70,0x0,0x8,0x4,0xb,0x11,0xd,0x1,0x0,0x0,0x0,0x0,0x0,0x0,0x0,0x2,0x0,0x0,0x0,0x2,0x0,0x0,0x0,0x0,0x0,0x0,0x2,0x2,0x2,0x0,0x0,0x0,0x2,0x2,0x0,
0x2f,0x0,0x5,0x2,0x0,0x0,0x4,0x0,0x23,0x0,0x32,0x4e,0x68,0x0,0xb,0x4,0x8,0xe,0xe,0x4,0x0,0x0,0x0,0x0,0x0,0x0,0x0,0x2,0x0,0x0,0x0,0x2,0x0,0x0,0x0,0x0,0x0,0x0,0x2,0x2,0x2,0x0,0x0,0x0,0x2,0x2,0x0,
0x30,0x0,0x5,0x2,0x0,0x0,0x2,0x0,0x2d,0x5,0x53,0x73,0x7f,0x0,0xc,0xa,0x10,0xb,0xe,0x5,0x0,0x0,0x0,0x1,0x1,0x0,0x0,0x2,0x0,0x1,0x1,0x2,0x0,0x0,0x0,0x0,0x0,0x0,0x2,0x2,0x2,0x1,0x2,0x2,0x2,0x2,0x1,
0x40,0x0,0x5,0x2,0x0,0x0,0x5,0x0,0x23,0x6,0x25,0x2d,0x6d,0x3,0xf,0xa,0x11,0x14,0xb,0x2,0x1,0x1,0x1,0x1,0x1,0x1,0x0,0x2,0x0,0x0,0x0,0x2,0x0,0x0,0x0,0x0,0x1,0x1,0x2,0x2,0x2,0x1,0x1,0x1,0x3,0x3,0x0,
0x4a,0x0,0x5,0x2,0x1,0x0,0x4,0x1,0x2d,0x4,0x4,0x16,0xa9,0x2,0x9,0xb,0x6,0x3,0xa,0x9,0x0,0x0,0x0,0x1,0x1,0x0,0x0,0x2,0x1,0x1,0x1,0x2,0x0,0x0,0x1,0x0,0x0,0x0,0x2,0x2,0x2,0x1,0x1,0x1,0x2,0x2,0x1,
0x36,0x0,0x5,0x3,0x1,0x0,0x4,0x1,0x1e,0x2,0x48,0x60,0x7f,0x2,0xe,0x9,0x10,0xc,0x14,0xc,0x0,0x0,0x0,0x0,0x0,0x0,0x0,0x3,0x1,0x0,0x0,0x2,0x1,0x1,0x1,0x0,0x0,0x0,0x3,0x2,0x2,0x1,0x1,0x1,0x3,0x3,0x0,
0x4c,0x0,0x5,0x2,0x0,0x0,0x4,0x0,0x28,0x5,0x2b,0x59,0xa4,0x0,0x11,0xa,0xf,0x10,0x7,0xe,0x0,0x0,0x0,0x0,0x0,0x0,0x1,0x3,0x1,0x1,0x0,0x3,0x0,0x0,0x1,0x0,0x0,0x0,0x3,0x3,0x3,0x1,0x1,0x1,0x2,0x2,0x1,
0x4c,0x0,0x5,0x2,0x0,0x0,0x5,0x0,0x28,0x6,0x25,0x4e,0x5e,0x1,0x10,0x8,0xe,0x13,0x5,0x1,0x0,0x0,0x0,0x0,0x0,0x0,0x1,0x3,0x1,0x0,0x0,0x3,0x0,0x0,0x0,0x0,0x0,0x0,0x3,0x3,0x3,0x0,0x0,0x0,0x3,0x3,0x1,
0x41,0x0,0x5,0x2,0x1,0x0,0x4,0x1,0x28,0x7,0x5f,0x60,0x99,0x0,0x14,0x5,0x13,0xd,0x14,0x4,0x1,0x1,0x1,0x0,0x0,0x1,0x0,0x2,0x0,0x0,0x0,0x2,0x1,0x1,0x0,0x0,0x1,0x1,0x2,0x2,0x2,0x1,0x1,0x1,0x3,0x3,0x0,
0x4d,0x0,0x5,0x2,0x1,0x0,0x3,0x1,0x23,0xc,0x4,0x20,0x6f,0x0,0x17,0x13,0x8,0x7,0xe,0x3,0x0,0x0,0x0,0x0,0x0,0x0,0x0,0x2,0x3,0x0,0x0,0x3,0x0,0x0,0x1,0x1,0x0,0x0,0x2,0x2,0x2,0x1,0x1,0x1,0x2,0x2,0x0,
0x45,0x0,0x5,0x2,0x0,0x0,0x5,0x0,0x32,0x12,0x51,0x59,0x67,0x5,0x17,0x10,0xc,0x9,0xb,0x8,0x1,0x0,0x0,0x1,0x0,0x1,0x1,0x2,0x3,0x1,0x1,0x2,0x1,0x1,0x1,0x1,0x1,0x1,0x2,0x2,0x2,0x1,0x1,0x1,0x2,0x2,0x1,
0x5a,0x0,0x5,0x2,0x0,0x0,0x5,0x0,0x32,0x7,0x4b,0x52,0x5a,0x0,0x15,0x13,0x17,0x14,0xc,0xe,0x2,0x2,0x2,0x0,0x0,0x2,0x0,0x2,0x1,0x0,0x0,0x2,0x0,0x0,0x1,0x0,0x2,0x2,0x2,0x3,0x2,0x0,0x0,0x0,0x2,0x2,0x2,
0x65,0x0,0x5,0x2,0x0,0x0,0x4,0x0,0x2d,0x7,0xa,0x5a,0x62,0x0,0x13,0xd,0x9,0x7,0xe,0x5,0x0,0x0,0x1,0x1,0x0,0x1,0x1,0x2,0x2,0x1,0x1,0x2,0x1,0x1,0x1,0x1,0x0,0x0,0x2,0x2,0x2,0x1,0x1,0x1,0x2,0x2,0x1,
0x49,0x0,0x5,0x2,0x0,0x0,0x6,0x0,0x37,0x18,0x5b,0x65,0x6b,0x3,0x16,0x14,0x18,0x17,0xf,0x12,0x1,0x2,0x2,0x1,0x0,0x2,0x1,0x3,0x2,0x1,0x1,0x3,0x1,0x1,0x3,0x1,0x2,0x2,0x3,0x3,0x3,0x1,0x1,0x1,0x3,0x3,0x1,
0x81,0x0,0x5,0x2,0x0,0x0,0x6,0x0,0x32,0xb,0x20,0x94,0x9d,0x1,0x18,0xa,0x13,0x1a,0x1,0xf,0x1,0x1,0x1,0x0,0x0,0x1,0x1,0x2,0x2,0x0,0x0,0x2,0x0,0x0,0x3,0x0,0x1,0x1,0x2,0x2,0x2,0x0,0x0,0x0,0x2,0x2,0x3,
0x59,0x0,0x5,0x2,0x0,0x0,0x5,0x0,0x41,0x19,0x4a,0x63,0x73,0x0,0x12,0x17,0x19,0x18,0x1e,0x15,0x3,0x3,0x3,0x2,0x1,0x3,0x1,0x3,0x2,0x1,0x1,0x1,0x1,0x1,0x2,0x1,0x3,0x3,0x2,0x2,0x2,0x2,0x2,0x2,0x3,0x3,0x1,
0x92,0x0,0x5,0x2,0x0,0x0,0x4,0x0,0x23,0x4,0x27,0x2d,0x72,0x0,0xe,0xf,0x13,0xd,0x2,0x3,0x0,0x1,0x0,0x0,0x0,0x0,0x3,0x3,0x1,0x2,0x2,0x2,0x1,0x1,0x0,0x0,0x0,0x0,0x1,0x2,0x2,0x0,0x0,0x0,0x0,0x0,0x0,
0x3f,0x0,0x6,0x3,0x0,0x0,0x2,0x0,0x28,0x13,0x21,0x2d,0x9c,0x0,0xb,0x7,0xf,0x8,0xf,0x4,0x2,0x2,0x1,0x1,0x1,0x2,0x1,0x1,0x3,0x2,0x2,0x2,0x1,0x1,0x3,0x1,0x0,0x0,0x0,0x0,0x0,0x0,0x0,0x0,0x0,0x0,0x0,
0x3e,0x0,0x6,0x2,0x1,0x0,0x4,0x1,0x1e,0x13,0x27,0x2e,0x59,0x0,0xb,0xd,0xe,0xf,0x8,0xb,0x2,0x2,0x2,0x1,0x1,0x1,0x0,0x1,0x2,0x0,0x0,0x1,0x0,0x0,0x2,0x0,0x0,0x0,0x2,0x2,0x2,0x1,0x1,0x0,0x1,0x1,0x1,
0x44,0x0,0x6,0x2,0x0,0x0,0x5,0x0,0x23,0x10,0x4,0x15,0x71,0x0,0x10,0xb,0x12,0xc,0x10,0x13,0x1,0x1,0x2,0x2,0x2,0x2,0x0,0x0,0x2,0x0,0x0,0x0,0x1,0x1,0x2,0x0,0x0,0x0,0x0,0x0,0x0,0x2,0x1,0x1,0x2,0x1,0x1,
0x52,0x0,0x6,0x2,0x0,0x0,0x4,0x0,0x1e,0xd,0x1,0x40,0x44,0x0,0xd,0x1,0x5,0x4,0x9,0x14,0x1,0x1,0x1,0x3,0x3,0x2,0x0,0x0,0x2,0x0,0x0,0x2,0x0,0x0,0x2,0x0,0x0,0x0,0x0,0x1,0x1,0x1,0x2,0x2,0x2,0x1,0x0,
0x37,0x0,0x6,0x2,0x1,0x0,0x4,0x1,0x28,0x12,0x5c,0x72,0x7f,0x0,0xb,0x12,0xa,0x10,0x9,0xc,0x2,0x2,0x1,0x3,0x3,0x1,0x0,0x0,0x2,0x1,0x1,0x0,0x0,0x0,0x2,0x0,0x0,0x0,0x0,0x0,0x0,0x2,0x2,0x1,0x0,0x0,0x1,
0x44,0x0,0x6,0x2,0x0,0x0,0x4,0x0,0x23,0x10,0x36,0x90,0xa5,0x0,0x10,0x11,0xe,0xe,0xd,0x8,0x2,0x2,0x2,0x2,0x2,0x2,0x0,0x1,0x2,0x0,0x0,0x1,0x0,0x0,0x2,0x0,0x0,0x0,0x1,0x1,0x1,0x0,0x0,0x0,0x1,0x1,0x1,
0x4a,0x0,0x6,0x2,0x0,0x0,0x4,0x0,0x2d,0x12,0x50,0x65,0x8d,0x0,0x11,0xb,0x11,0xd,0xf,0xc,0x2,0x2,0x2,0x1,0x1,0x2,0x1,0x1,0x3,0x0,0x0,0x1,0x0,0x0,0x3,0x0,0x0,0x0,0x2,0x2,0x1,0x0,0x0,0x0,0x0,0x0,0x0,
0x4c,0x0,0x6,0x2,0x0,0x0,0x5,0x0,0x32,0x14,0x4,0x35,0x44,0x3,0x10,0xa,0x14,0x16,0x4,0xc,0x2,0x2,0x1,0x2,0x2,0x3,0x0,0x0,0x3,0x1,0x1,0x1,0x0,0x0,0x3,0x0,0x0,0x1,0x0,0x0,0x0,0x0,0x0,0x0,0x0,0x0,0x1,
0x4a,0x0,0x6,0x2,0x0,0x0,0x4,0x0,0x2d,0xc,0x4c,0x53,0x96,0x1,0xe,0xd,0xf,0x7,0x7,0x4,0x1,0x1,0x1,0x1,0x1,0x3,0x0,0x0,0x3,0x0,0x0,0x0,0x0,0x0,0x3,0x0,0x0,0x3,0x0,0x0,0x1,0x0,0x0,0x2,0x0,0x0,0x2,
0x3d,0x0,0x6,0x2,0x1,0x0,0x3,0x1,0x19,0xd,0x1,0x4,0x10,0x0,0xa,0x1,0x5,0x9,0x9,0x11,0x1,0x1,0x1,0x2,0x2,0x2,0x0,0x0,0x3,0x0,0x1,0x0,0x0,0x0,0x3,0x0,0x0,0x0,0x0,0x0,0x0,0x0,0x0,0x0,0x0,0x0,0x0,
0x30,0x0,0x6,0x1,0x1,0x0,0x3,0x1,0x19,0xd,0x4,0x16,0x33,0x0,0xd,0x7,0x8,0x4,0x2,0x12,0x2,0x2,0x2,0x1,0x1,0x1,0x0,0x0,0x3,0x0,0x0,0x1,0x0,0x0,0x3,0x0,0x0,0x0,0x0,0x0,0x0,0x0,0x0,0x0,0x0,0x0,0x1,
0x31,0x0,0x6,0x2,0x0,0x0,0x5,0x0,0x2d,0x14,0x7,0x51,0x52,0x3,0xe,0xd,0x11,0xc,0x7,0x15,0x2,0x3,0x2,0x2,0x2,0x2,0x0,0x0,0x3,0x0,0x1,0x0,0x0,0x0,0x3,0x0,0x1,0x0,0x0,0x2,0x1,0x0,0x0,0x0,0x0,0x1,0x1,
0x53,0x0,0x6,0x2,0x0,0x0,0x5,0x0,0x2d,0x15,0xa,0x19,0x51,0x3,0xf,0xb,0xe,0xf,0xc,0x13,0x1,0x3,0x2,0x2,0x2,0x2,0x2,0x2,0x3,0x1,0x1,0x1,0x0,0x0,0x3,0x0,0x2,0x2,0x1,0x0,0x2,0x2,0x0,0x0,0x0,0x0,0x0,
0x54,0x0,0x6,0x2,0x0,0x0,0x5,0x0,0x28,0x16,0x7,0xa,0x10,0x3,0x14,0xb,0x11,0xd,0xb,0x14,0x2,0x2,0x2,0x2,0x2,0x2,0x0,0x0,0x3,0x0,0x1,0x1,0x2,0x2,0x3,0x0,0x0,0x0,0x0,0x0,0x0,0x2,0x2,0x2,0x2,0x2,0x0,
0x5f,0x0,0x6,0x1,0x0,0x0,0x5,0x0,0x32,0x11,0x1e,0x27,0x57,0x0,0x13,0x7,0x13,0xd,0xd,0x12,0x1,0x1,0x1,0x3,0x3,0x2,0x0,0x0,0x2,0x1,0x1,0x0,0x1,0x1,0x2,0x0,0x0,0x0,0x0,0x0,0x0,0x2,0x2,0x2,0x0,0x0,0x0,
0x4f,0x0,0x6,0x1,0x0,0x0,0x5,0x0,0x28,0x13,0x5e,0x69,0x6c,0x3,0xf,0x8,0x14,0xc,0xa,0xc,0x1,0x1,0x2,0x2,0x2,0x2,0x0,0x0,0x2,0x0,0x0,0x0,0x1,0x1,0x2,0x0,0x0,0x0,0x0,0x0,0x0,0x2,0x2,0x2,0x2,0x1,0x0,
0x4c,0x0,0x6,0x2,0x0,0x0,0x6,0x0,0x32,0x17,0x1,0x5c,0x84,0x0,0x12,0xc,0x12,0xe,0xa,0xe,0x2,0x2,0x2,0x3,0x3,0x2,0x1,0x1,0x3,0x0,0x0,0x0,0x0,0x0,0x3,0x0,0x0,0x0,0x0,0x0,0x0,0x1,0x2,0x2,0x2,0x1,0x1,
0x56,0x0,0x6,0x2,0x0,0x0,0x4,0x0,0x32,0x16,0x2d,0x51,0x62,0x0,0x11,0xc,0x14,0xb,0x14,0xf,0x2,0x2,0x2,0x2,0x2,0x3,0x1,0x0,0x3,0x1,0x1,0x0,0x1,0x1,0x3,0x0,0x0,0x0,0x0,0x0,0x0,0x0,0x0,0x0,0x0,0x0,0x1,
0x55,0x0,0x6,0x1,0x0,0x0,0x5,0x0,0x32,0x18,0x6c,0x6f,0x97,0x3,0x18,0x3,0x19,0x16,0x4,0x1,0x1,0x1,0x1,0x1,0x1,0x1,0x0,0x0,0x3,0x0,0x0,0x0,0x0,0x0,0x3,0x0,0x1,0x1,0x0,0x2,0x0,0x1,0x0,0x0,0x0,0x1,0x0,
0x49,0x0,0x6,0x2,0x0,0x0,0x5,0x0,0x3c,0x14,0x50,0x55,0x97,0x5,0x17,0x1,0x12,0x18,0xc,0xc,0x2,0x2,0x2,0x2,0x2,0x1,0x1,0x1,0x3,0x1,0x1,0x1,0x1,0x1,0x3,0x0,0x0,0x0,0x0,0x0,0x0,0x0,0x0,0x0,0x0,0x0,0x1,
0x55,0x0,0x6,0x2,0x0,0x0,0x5,0x0,0x46,0x1e,0x7,0x44,0x8a,0x0,0x18,0x1e,0x17,0x15,0x12,0x15,0x2,0x2,0x3,0x2,0x2,0x2,0x1,0x2,0x3,0x1,0x3,0x2,0x1,0x1,0x3,0x0,0x2,0x1,0x0,0x2,0x0,0x1,0x0,0x0,0x0,0x0,0x1,
0x7c,0x0,0x6,0x2,0x0,0x0,0x5,0x0,0x37,0x17,0x56,0x67,0x6c,0x5,0x11,0x9,0x12,0x14,0xa,0xc,0x1,0x1,0x1,0x1,0x1,0x2,0x2,0x2,0x3,0x0,0x1,0x1,0x1,0x1,0x3,0x0,0x1,0x1,0x2,0x2,0x2,0x1,0x0,0x0,0x0,0x0,0x1,
0x52,0x0,0x6,0x2,0x0,0x0,0x4,0x0,0x32,0xf,0x1,0x68,0x90,0x0,0x17,0xe,0xa,0xf,0x6,0x8,0x1,0x1,0x1,0x1,0x1,0x1,0x1,0x1,0x3,0x0,0x0,0x1,0x1,0x1,0x3,0x1,0x1,0x1,0x1,0x1,0x1,0x0,0x1,0x1,0x0,0x0,0x3,
0x4e,0x0,0x6,0x1,0x0,0x0,0x4,0x0,0x2d,0x16,0x54,0x68,0x6b,0x3,0x1b,0x0,0x1b,0x7,0x0,0x0,0x1,0x1,0x1,0x1,0x1,0x1,0x0,0x1,0x3,0x0,0x0,0x0,0x2,0x2,0x3,0x0,0x0,0x0,0x0,0x2,0x0,0x2,0x1,0x1,0x1,0x1,0x0,
0x41,0x0,0x6,0x2,0x0,0x0,0x5,0x0,0x2d,0x17,0x33,0x50,0x65,0x2,0x14,0x1,0x18,0x15,0x12,0x13,0x0,0x0,0x0,0x0,0x0,0x2,0x1,0x0,0x2,0x0,0x1,0x1,0x1,0x1,0x3,0x0,0x0,0x1,0x1,0x2,0x1,0x2,0x0,0x0,0x0,0x0,0x1,
0x5b,0x0,0x6,0x2,0x0,0x0,0x5,0x0,0x28,0x16,0x50,0x52,0x5d,0x5,0x10,0x1,0x11,0x1d,0x5,0xd,0x0,0x2,0x0,0x2,0x0,0x0,0x0,0x1,0x3,0x0,0x0,0x1,0x0,0x0,0x2,0x0,0x0,0x0,0x1,0x2,0x1,0x0,0x0,0x0,0x1,0x1,0x1,
0x4c,0x0,0x6,0x2,0x0,0x0,0x5,0x0,0x3c,0x15,0x1,0x63,0x99,0x2,0x18,0x9,0x15,0x18,0x17,0x12,0x2,0x2,0x2,0x3,0x3,0x1,0x1,0x1,0x3,0x1,0x1,0x1,0x1,0x1,0x3,0x0,0x0,0x0,0x0,0x2,0x0,0x1,0x1,0x1,0x1,0x1,0x1,
0x6d,0x0,0x6,0x2,0x0,0x0,0x6,0x0,0x46,0x1c,0x48,0x55,0x57,0x5,0x19,0x18,0x17,0xf,0x11,0x14,0x2,0x2,0x3,0x2,0x1,0x3,0x2,0x2,0x3,0x1,0x2,0x2,0x1,0x1,0x3,0x1,0x1,0x1,0x3,0x3,0x2,0x2,0x0,0x0,0x0,0x0,0x2,
0x7d,0x0,0x6,0x2,0x0,0x0,0x6,0x0,0x4b,0x1b,0x7,0x6e,0x82,0x3,0x19,0x18,0x19,0x16,0x17,0xd,0x2,0x2,0x2,0x2,0x2,0x2,0x1,0x1,0x3,0x1,0x1,0x2,0x1,0x1,0x3,0x1,0x2,0x2,0x2,0x2,0x2,0x0,0x0,0x0,0x0,0x1,0x2,
0x7f,0x0,0x6,0x2,0x1,0x0,0x5,0x1,0x3c,0x15,0x16,0x2f,0x99,0x2,0xa,0xc,0xb,0x16,0xf,0xa,0x1,0x1,0x1,0x1,0x0,0x0,0x1,0x1,0x3,0x1,0x1,0x1,0x1,0x1,0x3,0x0,0x1,0x1,0x1,0x2,0x1,0x0,0x0,0x0,0x1,0x0,0x2,
0x51,0x0,0x7,0x2,0x1,0x0,0x3,0x1,0x28,0xb,0x7f,0x93,0xa5,0x0,0xb,0xc,0xd,0x8,0x12,0xf,0x0,0x0,0x0,0x0,0x0,0x0,0x3,0x3,0x3,0x1,0x1,0x3,0x1,0x1,0x3,0x1,0x0,0x0,0x2,0x2,0x2,0x0,0x0,0x0,0x0,0x0,0x0,
0x47,0x0,0x7,0x2,0x0,0x0,0x5,0x0,0x2d,0xd,0x44,0x53,0x6d,0x3,0x6,0x1,0x17,0xf,0x4,0x6,0x1,0x1,0x1,0x0,0x0,0x2,0x2,0x2,0x2,0x0,0x0,0x2,0x0,0x0,0x3,0x0,0x0,0x2,0x2,0x2,0x2,0x0,0x0,0x0,0x0,0x0,0x1,
0x44,0x0,0x7,0x2,0x0,0x0,0x3,0x0,0x23,0x6,0x27,0x2b,0x36,0x0,0x11,0xd,0x11,0x8,0xb,0x4,0x0,0x0,0x0,0x0,0x0,0x0,0x2,0x2,0x2,0x0,0x0,0x2,0x1,0x1,0x2,0x0,0x0,0x0,0x2,0x2,0x2,0x1,0x1,0x1,0x1,0x1,0x0,
0x43,0x0,0x7,0x2,0x0,0x0,0x4,0x0,0x23,0x5,0x4a,0x52,0x70,0x0,0xe,0x8,0xc,0xb,0x12,0x9,0x0,0x0,0x0,0x1,0x1,0x0,0x2,0x2,0x2,0x0,0x0,0x2,0x0,0x0,0x2,0x0,0x0,0x0,0x2,0x2,0x2,0x1,0x1,0x1,0x1,0x1,0x0,
0x41,0x0,0x7,0x2,0x0,0x0,0x4,0x0,0x32,0xa,0x4e,0x60,0x6b,0x0,0xf,0x11,0xc,0x9,0x4,0x8,0x0,0x0,0x0,0x1,0x1,0x0,0x2,0x2,0x2,0x1,0x1,0x2,0x0,0x0,0x2,0x0,0x0,0x0,0x2,0x2,0x3,0x1,0x1,0x1,0x0,0x0,0x0,
0x41,0x0,0x7,0x2,0x0,0x0,0x5,0x0,0x1e,0x8,0x35,0x39,0xa4,0x1,0xc,0x8,0xf,0x14,0x1,0xb,0x0,0x0,0x0,0x0,0x0,0x0,0x2,0x3,0x2,0x0,0x0,0x3,0x0,0x0,0x2,0x0,0x0,0x0,0x3,0x3,0x3,0x0,0x0,0x0,0x1,0x1,0x0,
0x42,0x0,0x7,0x2,0x0,0x0,0x5,0x0,0x2d,0xd,0x16,0x22,0x24,0x0,0x11,0x7,0x13,0x9,0xc,0x8,0x1,0x1,0x1,0x1,0x1,0x1,0x2,0x2,0x3,0x0,0x0,0x2,0x0,0x0,0x3,0x0,0x0,0x0,0x2,0x2,0x2,0x0,0x0,0x0,0x0,0x0,0x1,
0x43,0x0,0x7,0x2,0x1,0x0,0x4,0x1,0x32,0xc,0x44,0x79,0x84,0x2,0x9,0x6,0x6,0x14,0x8,0xc,0x0,0x0,0x0,0x0,0x0,0x1,0x2,0x2,0x3,0x0,0x0,0x3,0x0,0x0,0x3,0x0,0x0,0x1,0x2,0x3,0x2,0x0,0x0,0x0,0x0,0x0,0x1,
0x3b,0x0,0x7,0x2,0x0,0x0,0x5,0x0,0x2d,0x9,0x13,0x5f,0x95,0x0,0x11,0x13,0x17,0x9,0xc,0xa,0x1,0x1,0x1,0x1,0x0,0x1,0x2,0x2,0x2,0x0,0x0,0x2,0x0,0x0,0x2,0x0,0x1,0x1,0x1,0x1,0x1,0x1,0x1,0x0,0x0,0x0,0x1,
0x4d,0x0,0x7,0x2,0x0,0x0,0x4,0x0,0x28,0x8,0x73,0x80,0x8b,0x0,0x11,0xd,0x10,0x8,0xb,0xa,0x0,0x0,0x0,0x0,0x0,0x0,0x2,0x2,0x2,0x0,0x0,0x2,0x0,0x0,0x2,0x0,0x0,0x0,0x2,0x2,0x2,0x0,0x0,0x0,0x0,0x0,0x0,
0x3f,0x0,0x7,0x2,0x0,0x0,0x4,0x0,0x1e,0xa,0x13,0x1b,0x1e,0x1,0x6,0xa,0xb,0x11,0x7,0xe,0x0,0x0,0x0,0x0,0x0,0x0,0x2,0x3,0x2,0x0,0x0,0x3,0x1,0x1,0x2,0x0,0x0,0x0,0x3,0x3,0x3,0x0,0x0,0x0,0x1,0x1,0x2,
0x42,0x0,0x7,0x2,0x1,0x0,0x3,0x1,0x23,0xc,0x48,0x4a,0xa6,0x0,0x11,0x4,0xa,0x3,0xf,0x9,0x0,0x0,0x0,0x2,0x1,0x1,0x2,0x2,0x2,0x0,0x0,0x2,0x0,0x0,0x2,0x0,0x0,0x0,0x2,0x2,0x2,0x1,0x1,0x1,0x1,0x1,0x1,
0x3d,0x0,0x7,0x2,0x1,0x0,0x4,0x1,0x23,0x9,0xa,0x24,0x57,0x2,0x10,0x13,0x13,0xc,0xd,0x6,0x0,0x0,0x0,0x3,0x1,0x0,0x2,0x2,0x2,0x0,0x0,0x2,0x1,0x1,0x2,0x0,0x0,0x0,0x2,0x2,0x2,0x1,0x1,0x1,0x1,0x1,0x0,
0x4f,0x0,0x7,0x2,0x1,0x0,0x4,0x1,0x28,0xa,0x5a,0x75,0x80,0x0,0x13,0x3,0x15,0x11,0x13,0x6,0x0,0x0,0x0,0x1,0x1,0x0,0x2,0x3,0x2,0x1,0x1,0x3,0x0,0x0,0x2,0x0,0x0,0x1,0x3,0x3,0x3,0x1,0x1,0x0,0x1,0x1,0x1,
0x53,0x0,0x7,0x2,0x0,0x0,0x3,0x0,0x23,0x4,0x2e,0x73,0x7d,0x0,0x7,0x2,0xe,0x7,0x4,0x1,0x0,0x0,0x0,0x1,0x0,0x1,0x2,0x2,0x2,0x0,0x0,0x2,0x0,0x0,0x2,0x0,0x0,0x1,0x2,0x2,0x2,0x0,0x0,0x0,0x0,0x0,0x1,
0x2c,0x0,0x7,0x2,0x1,0x0,0x4,0x1,0x28,0x7,0x1,0x4,0xa5,0x0,0x9,0xf,0x6,0x8,0xd,0x4,0x2,0x2,0x0,0x1,0x0,0x0,0x2,0x2,0x2,0x0,0x0,0x2,0x0,0x0,0x2,0x0,0x2,0x0,0x2,0x2,0x2,0x1,0x1,0x0,0x0,0x0,0x0,
0x3e,0x0,0x7,0x2,0x0,0x0,0x5,0x0,0x28,0xd,0x4e,0x5d,0x62,0x1,0x9,0x14,0x11,0x10,0x8,0x5,0x1,0x1,0x1,0x2,0x1,0x2,0x2,0x2,0x2,0x0,0x0,0x2,0x0,0x0,0x2,0x0,0x0,0x0,0x2,0x2,0x2,0x0,0x0,0x0,0x0,0x0,0x3,
0x4a,0x0,0x7,0x2,0x0,0x0,0x5,0x0,0x32,0x10,0x19,0x5d,0x85,0x0,0x15,0x2,0x1a,0x13,0xf,0xd,0x0,0x1,0x1,0x1,0x0,0x2,0x2,0x2,0x3,0x1,0x1,0x2,0x0,0x0,0x3,0x0,0x0,0x2,0x2,0x3,0x2,0x3,0x0,0x0,0x0,0x0,0x0,
0x5f,0x0,0x7,0x2,0x0,0x0,0x6,0x0,0x3c,0x19,0xa,0xd,0x3c,0x0,0x14,0x18,0xe,0x14,0xf,0x1b,0x1,0x1,0x2,0x3,0x1,0x3,0x2,0x2,0x3,0x1,0x1,0x3,0x1,0x1,0x3,0x1,0x1,0x2,0x3,0x3,0x3,0x1,0x1,0x1,0x1,0x1,0x1,
0x7a,0x0,0x7,0x2,0x0,0x0,0x6,0x0,0x28,0xa,0x7,0x52,0x63,0x0,0xe,0xd,0x11,0xc,0x7,0x1,0x0,0x0,0x0,0x1,0x0,0x1,0x2,0x2,0x2,0x1,0x1,0x2,0x0,0x0,0x2,0x0,0x0,0x0,0x2,0x2,0x2,0x0,0x0,0x0,0x0,0x0,0x1,
0x3b,0x0,0x7,0x2,0x0,0x0,0x5,0x0,0x37,0xc,0x27,0x57,0x63,0x5,0x10,0xb,0x12,0xc,0x10,0x13,0x0,0x0,0x1,0x2,0x0,0x2,0x2,0x2,0x3,0x1,0x1,0x2,0x0,0x0,0x3,0x0,0x0,0x1,0x2,0x2,0x2,0x0,0x0,0x0,0x0,0x0,0x1,
0x55,0x0,0x7,0x2,0x0,0x0,0x5,0x0,0x46,0x14,0x1,0x10,0x8a,0x5,0x17,0x15,0x19,0x12,0xf,0x14,0x1,0x1,0x3,0x2,0x1,0x2,0x2,0x2,0x3,0x1,0x1,0x3,0x1,0x1,0x3,0x1,0x1,0x2,0x3,0x3,0x3,0x1,0x1,0x1,0x1,0x1,0x1,
0x7a,0x0,0x7,0x2,0x0,0x0,0x6,0x0,0x4b,0x1a,0x31,0x79,0x7b,0x0,0x18,0x14,0x1e,0x14,0xc,0xe,0x2,0x2,0x2,0x2,0x1,0x2,0x2,0x2,0x3,0x1,0x1,0x3,0x1,0x1,0x3,0x0,0x2,0x2,0x1,0x1,0x1,0x1,0x1,0x1,0x1,0x2,0x1,
0x78,0x0,0x7,0x2,0x1,0x0,0x5,0x1,0x28,0x1,0x3a,0x76,0x9e,0x0,0xb,0x14,0x1,0x2,0x15,0x5,0x0,0x0,0x0,0x0,0x0,0x0,0x2,0x2,0x3,0x0,0x0,0x2,0x0,0x0,0x2,0x0,0x0,0x0,0x2,0x3,0x2,0x1,0x0,0x0,0x0,0x0,0x1,
0x38,0x0,0x7,0x2,0x1,0x0,0x4,0x1,0x32,0xd,0x71,0x7f,0x84,0x2,0xe,0xc,0xf,0xc,0x10,0xa,0x0,0x0,0x0,0x1,0x1,0x1,0x2,0x2,0x3,0x1,0x1,0x3,0x0,0x0,0x3,0x0,0x0,0x0,0x2,0x2,0x2,0x1,0x1,0x1,0x0,0x0,0x1,
0x4d,0x0,0x7,0x2,0x1,0x0,0x4,0x0,0x28,0x8,0x13,0x84,0x7b,0x0,0x5,0x15,0xd,0xb,0xe,0x15,0x0,0x0,0x2,0x1,0x1,0x0,0x3,0x3,0x3,0x0,0x1,0x2,0x0,0x0,0x2,0x0,0x0,0x1,0x1,0x1,0x3,0x1,0x0,0x0,0x0,0x0,0x0,
0x48,0x0,0x7,0x1,0x0,0x0,0x6,0x0,0x41,0x14,0x13,0x84,0x96,0x5,0x1b,0xd,0x18,0x17,0x13,0x15,0x0,0x0,0x0,0x2,0x2,0x3,0x3,0x3,0x3,0x1,0x1,0x2,0x1,0x1,0x3,0x1,0x0,0x3,0x1,0x3,0x3,0x1,0x0,0x1,0x1,0x2,0x2,
0x3b,0x0,0x8,0x3,0x0,0x0,0x4,0x0,0x28,0xc,0x4,0x33,0x34,0x0,0xd,0xb,0x9,0x12,0x11,0xf,0x0,0x0,0x0,0x0,0x0,0x2,0x1,0x1,0x3,0x1,0x1,0x1,0x1,0x1,0x3,0x1,0x0,0x2,0x0,0x0,0x0,0x0,0x0,0x0,0x0,0x0,0x1,
0x43,0x0,0x8,0x2,0x0,0x0,0x4,0x0,0x32,0xe,0x22,0x44,0xa9,0x0,0xe,0xf,0x11,0xc,0x9,0xd,0x1,0x1,0x1,0x0,0x0,0x2,0x0,0x0,0x3,0x0,0x0,0x2,0x0,0x0,0x3,0x0,0x1,0x2,0x0,0x0,0x3,0x1,0x1,0x1,0x0,0x0,0x1,
0x3d,0x0,0x8,0x2,0x0,0x0,0x3,0x0,0x23,0xa,0x1,0x69,0xa2,0x0,0xc,0xa,0xe,0x6,0x11,0xc,0x0,0x0,0x0,0x0,0x0,0x0,0x0,0x0,0x2,0x0,0x0,0x0,0x1,0x1,0x2,0x0,0x2,0x0,0x0,0x0,0x0,0x1,0x1,0x1,0x1,0x1,0x0,
0x37,0x0,0x8,0x2,0x1,0x0,0x4,0x1,0x23,0xa,0x22,0x23,0x9d,0x0,0x10,0xd,0x5,0xe,0xe,0x7,0x0,0x0,0x0,0x1,0x1,0x2,0x2,0x0,0x2,0x0,0x0,0x0,0x0,0x0,0x2,0x0,0x0,0x2,0x0,0x0,0x0,0x1,0x1,0x1,0x1,0x1,0x1,
0x39,0x0,0x8,0x2,0x0,0x0,0x5,0x0,0x2d,0xc,0xa,0x15,0xa0,0x0,0x8,0x17,0xb,0xc,0x3,0x13,0x0,0x0,0x0,0x1,0x1,0x2,0x0,0x0,0x2,0x1,0x1,0x0,0x0,0x0,0x2,0x0,0x0,0x2,0x0,0x0,0x0,0x1,0x1,0x1,0x0,0x0,0x1,
0x3c,0x0,0x8,0x2,0x0,0x0,0x4,0x0,0x1e,0x8,0x15,0x54,0x6a,0x0,0x9,0xd,0xe,0x11,0x7,0xb,0x0,0x0,0x0,0x0,0x0,0x2,0x0,0x1,0x2,0x0,0x0,0x1,0x0,0x0,0x2,0x0,0x0,0x2,0x1,0x1,0x1,0x0,0x0,0x0,0x1,0x1,0x1,
0x3a,0x0,0x8,0x2,0x0,0x0,0x5,0x0,0x2d,0xe,0x36,0x3a,0xa5,0x0,0xf,0xb,0x8,0x6,0xb,0x13,0x1,0x1,0x1,0x1,0x1,0x2,0x0,0x0,0x3,0x0,0x0,0x0,0x0,0x0,0x3,0x0,0x0,0x2,0x0,0x0,0x0,0x0,0x0,0x0,0x0,0x0,0x2,
0x3d,0x0,0x8,0x2,0x0,0x0,0x4,0x0,0x2d,0xc,0x16,0x5e,0x6b,0x0,0xe,0x4,0x14,0x15,0xa,0xd,0x0,0x0,0x0,0x0,0x0,0x2,0x1,0x1,0x3,0x0,0x0,0x1,0x0,0x0,0x3,0x0,0x0,0x2,0x1,0x1,0x1,0x0,0x0,0x0,0x0,0x0,0x2,
0x47,0x0,0x8,0x2,0x1,0x0,0x4,0x1,0x23,0x6,0x76,0x7a,0xa3,0x0,0xd,0x9,0x7,0x4,0x7,0xb,0x0,0x0,0x0,0x0,0x0,0x2,0x1,0x1,0x2,0x1,0x1,0x2,0x0,0x0,0x2,0x0,0x0,0x2,0x0,0x0,0x1,0x1,0x0,0x0,0x0,0x0,0x0,
0x34,0x0,0x8,0x2,0x0,0x0,0x3,0x0,0x28,0x8,0x4e,0x8d,0x95,0x0,0x8,0xd,0xb,0xe,0x7,0x4,0x0,0x0,0x0,0x0,0x0,0x2,0x0,0x0,0x2,0x0,0x0,0x0,0x0,0x0,0x2,0x0,0x0,0x2,0x0,0x0,0x0,0x0,0x0,0x0,0x0,0x0,0x1,
0x2c,0x0,0x8,0x2,0x0,0x0,0x5,0x0,0x23,0xb,0x27,0x2e,0x34,0x0,0xe,0x11,0xc,0xc,0x8,0xe,0x0,0x0,0x0,0x0,0x0,0x2,0x0,0x1,0x2,0x0,0x0,0x1,0x0,0x0,0x2,0x0,0x0,0x2,0x2,0x2,0x1,0x0,0x0,0x0,0x1,0x1,0x1,
0x42,0x0,0x8,0x2,0x0,0x0,0x6,0x0,0x2d,0xf,0x40,0x6c,0x7e,0x3,0x12,0xd,0x14,0x17,0x9,0xa,0x1,0x1,0x1,0x0,0x0,0x2,0x1,0x0,0x3,0x0,0x0,0x2,0x0,0x0,0x3,0x0,0x1,0x3,0x2,0x3,0x2,0x0,0x0,0x0,0x0,0x0,0x1,
0x51,0x0,0x8,0x2,0x0,0x0,0x5,0x0,0x23,0xd,0x7,0xd,0x66,0x3,0x15,0xb,0x17,0x15,0x12,0x13,0x0,0x0,0x0,0x0,0x0,0x2,0x1,0x1,0x2,0x1,0x1,0x1,0x1,0x1,0x2,0x1,0x0,0x2,0x0,0x0,0x0,0x1,0x1,0x1,0x1,0x1,0x0,
0x5d,0x0,0x8,0x2,0x1,0x0,0x4,0x1,0x1e,0xb,0x32,0x5a,0x60,0x0,0x8,0x3,0x9,0xb,0xc,0x6,0x0,0x0,0x1,0x1,0x0,0x2,0x0,0x1,0x2,0x1,0x1,0x1,0x0,0x0,0x2,0x0,0x0,0x2,0x1,0x1,0x1,0x0,0x0,0x0,0x1,0x1,0x0,
0x35,0x0,0x8,0x2,0x1,0x0,0x4,0x1,0x2d,0x9,0x25,0x29,0x2d,0x2,0xc,0x12,0x9,0x13,0xd,0xf,0x0,0x0,0x0,0x2,0x1,0x2,0x0,0x0,0x2,0x1,0x1,0x0,0x0,0x0,0x2,0x0,0x0,0x2,0x0,0x0,0x0,0x2,0x2,0x2,0x0,0x0,0x0,
0x44,0x0,0x8,0x2,0x0,0x0,0x4,0x0,0x1e,0x8,0x76,0x7e,0xa1,0x0,0x7,0x6,0xe,0x4,0x4,0x3,0x0,0x0,0x0,0x0,0x0,0x2,0x0,0x0,0x2,0x1,0x1,0x0,0x0,0x0,0x2,0x0,0x0,0x2,0x0,0x0,0x0,0x0,0x0,0x0,0x0,0x0,0x2,
0x28,0x0,0x8,0x1,0x0,0x0,0x5,0x0,0x28,0xd,0x62,0x63,0x65,0x5,0xc,0x5,0x15,0x16,0x18,0x11,0x1,0x1,0x1,0x1,0x1,0x2,0x1,0x2,0x3,0x0,0x0,0x0,0x0,0x0,0x3,0x0,0x1,0x2,0x2,0x2,0x1,0x2,0x0,0x0,0x0,0x0,0x0,
0x53,0x0,0x8,0x2,0x0,0x0,0x5,0x0,0x2d,0x16,0x52,0x5e,0x67,0x3,0x17,0xd,0x18,0x1a,0x16,0xc,0x2,0x2,0x2,0x2,0x2,0x3,0x2,0x3,0x3,0x0,0x0,0x0,0x0,0x0,0x3,0x0,0x2,0x3,0x3,0x3,0x0,0x0,0x0,0x0,0x0,0x0,0x1,
0x6f,0x0,0x8,0x2,0x1,0x0,0x4,0x1,0x28,0xb,0x13,0x6c,0xa5,0x0,0x12,0x13,0xf,0x12,0x9,0x13,0x0,0x0,0x0,0x0,0x0,0x2,0x2,0x2,0x3,0x1,0x1,0x1,0x1,0x1,0x3,0x1,0x0,0x2,0x0,0x0,0x0,0x0,0x0,0x0,0x0,0x0,0x1,
0x4f,0x0,0x8,0x2,0x1,0x0,0x4,0x1,0x28,0x9,0x40,0x44,0x89,0x2,0xd,0xf,0xb,0xe,0x14,0x12,0x0,0x0,0x0,0x2,0x1,0x2,0x0,0x0,0x2,0x0,0x0,0x0,0x0,0x1,0x2,0x0,0x0,0x2,0x0,0x0,0x0,0x0,0x0,0x0,0x0,0x0,0x1,
0x44,0x0,0x8,0x3,0x0,0x0,0x6,0x0,0x2d,0xd,0x1,0x40,0x97,0x0,0x12,0xc,0x11,0x18,0x4,0x7,0x3,0x3,0x1,0x2,0x0,0x1,0x0,0x0,0x3,0x0,0x0,0x1,0x0,0x0,0x3,0x0,0x3,0x1,0x0,0x0,0x0,0x0,0x0,0x0,0x0,0x0,0x0,
0x4a,0x0,0x8,0x1,0x0,0x0,0x6,0x0,0x2d,0xd,0x10,0x44,0x94,0x0,0x10,0x6,0x12,0x18,0x4,0x7,0x1,0x1,0x1,0x2,0x0,0x3,0x0,0x0,0x3,0x0,0x0,0x0,0x1,0x0,0x3,0x0,0x1,0x3,0x0,0x0,0x0,0x0,0x0,0x0,0x0,0x0,0x2,
0x47,0x0,0x8,0x2,0x1,0x0,0x5,0x1,0x28,0xb,0x1,0x13,0xa8,0x0,0x19,0xa,0x14,0xc,0x1,0x14,0x0,0x0,0x1,0x2,0x1,0x2,0x1,0x1,0x3,0x1,0x1,0x1,0x1,0x1,0x3,0x1,0x0,0x1,0x0,0x0,0x0,0x0,0x0,0x0,0x0,0x0,0x1,
0x4e,0x0,0x8,0x2,0x1,0x0,0x5,0x1,0x2d,0xb,0x31,0x48,0x78,0x0,0x14,0xd,0xf,0x6,0x7,0x4,0x1,0x1,0x0,0x0,0x0,0x2,0x1,0x1,0x3,0x1,0x1,0x1,0x1,0x1,0x2,0x0,0x1,0x2,0x1,0x1,0x0,0x0,0x0,0x0,0x0,0x0,0x1,
0x40,0x0,0x8,0x2,0x0,0x0,0x4,0x0,0x28,0x8,0x76,0x7c,0x7d,0x0,0xc,0x3,0xd,0xe,0x1,0xf,0x0,0x0,0x1,0x1,0x0,0x3,0x1,0x0,0x3,0x0,0x0,0x0,0x0,0x0,0x3,0x0,0x0,0x3,0x0,0x0,0x0,0x0,0x0,0x0,0x0,0x0,0x1,
0x33,0x0,0x8,0x2,0x0,0x0,0x4,0x0,0x2d,0x12,0x68,0x69,0x9f,0x3,0x11,0x4,0xc,0x15,0x4,0x6,0x0,0x0,0x1,0x1,0x0,0x3,0x1,0x1,0x3,0x0,0x0,0x0,0x0,0x0,0x3,0x0,0x0,0x3,0x0,0x0,0x0,0x1,0x1,0x1,0x1,0x1,0x2,
0x43,0x0,0x8,0x2,0x0,0x0,0x5,0x0,0x32,0xf,0x94,0x97,0x9d,0x3,0x18,0xa,0x17,0x18,0x1,0xe,0x0,0x1,0x1,0x1,0x0,0x3,0x1,0x1,0x3,0x0,0x1,0x0,0x0,0x0,0x3,0x0,0x1,0x3,0x0,0x2,0x1,0x1,0x1,0x1,0x1,0x1,0x2,
0x5d,0x0,0x8,0x2,0x0,0x0,0x4,0x0,0x32,0xe,0x15,0x20,0x4b,0x3,0xf,0xb,0x11,0x14,0x0,0xd,0x1,0x1,0x0,0x0,0x0,0x2,0x0,0x1,0x3,0x1,0x1,0x1,0x1,0x1,0x3,0x0,0x2,0x2,0x1,0x1,0x1,0x0,0x0,0x0,0x1,0x1,0x2,
0x4d,0x0,0x8,0x1,0x0,0x0,0x6,0x0,0x4b,0x12,0x3e,0x81,0x85,0x5,0x18,0x15,0x18,0x1b,0x11,0x17,0x2,0x2,0x2,0x2,0x1,0x2,0x3,0x3,0x3,0x3,0x3,0x3,0x2,0x2,0x3,0x1,0x2,0x2,0x3,0x3,0x3,0x2,0x2,0x2,0x1,0x1,0x2,
0x92,0x0,0x8,0x2,0x0,0x0,0x6,0x0,0x46,0x18,0x13,0x3f,0x80,0x0,0x18,0x15,0xc,0x19,0x15,0xa,0x2,0x2,0x2,0x2,0x2,0x2,0x3,0x3,0x3,0x3,0x3,0x3,0x2,0x2,0x3,0x2,0x2,0x2,0x3,0x3,0x3,0x1,0x1,0x3,0x1,0x1,0x2,
0x88,0x0,0x8,0x0,0x0,0x0,0x2,0x0,0x28,0x5,0x54,0x68,0x6f,0x0,0x3,0x2,0x6,0x3,0x4,0x6,0x0,0x0,0x0,0x1,0x0,0x0,0x1,0x1,0x3,0x1,0x1,0x1,0x1,0x0,0x2,0x0,0x0,0x0,0x3,0x2,0x0,0x0,0x0,0x0,0x0,0x0,0x0,
0x4f,0x0,0x8,0x0,0x1,0x0,0x5,0x1,0x2d,0x8,0xa,0x38,0x81,0x2,0x8,0x18,0xe,0x10,0xb,0x1a,0x1,0x0,0x0,0x1,0x3,0x1,0x0,0x2,0x3,0x2,0x2,0x1,0x0,0x0,0x1,0x0,0x2,0x2,0x3,0x2,0x1,0x1,0x1,0x0,0x0,0x2,0x2,
0x75,0x0,0x9,0x2,0x0,0x0,0x3,0x2,0x23,0x3,0x29,0x2d,0x6f,0x0,0xf,0x11,0xc,0x9,0xe,0xa,0x2,0x2,0x0,0x0,0x0,0x0,0x0,0x2,0x1,0x0,0x1,0x0,0x0,0x2,0x0,0x0,0x2,0x0,0x3,0x2,0x0,0x0,0x0,0x2,0x0,0x0,0x2,
0x42,0x0,0x9,0x2,0x0,0x0,0x4,0x2,0x28,0x5,0x2f,0x69,0x73,0x1,0xc,0x11,0x12,0x13,0x16,0x9,0x0,0x0,0x0,0x1,0x0,0x0,0x0,0x2,0x1,0x0,0x1,0x1,0x0,0x2,0x0,0x0,0x2,0x0,0x3,0x0,0x0,0x0,0x0,0x2,0x0,0x0,0x2,
0x4c,0x0,0x9,0x2,0x0,0x0,0x4,0x2,0x28,0xd,0x58,0x6b,0x6c,0x3,0x17,0x8,0x17,0x10,0x7,0x8,0x1,0x1,0x0,0x1,0x0,0x0,0x0,0x2,0x0,0x0,0x0,0x1,0x0,0x2,0x1,0x0,0x2,0x0,0x1,0x2,0x2,0x1,0x1,0x2,0x0,0x0,0x2,
0x4a,0x0,0x9,0x2,0x0,0x0,0x5,0x2,0x28,0xa,0x4,0x93,0x9b,0x2,0x16,0x9,0x18,0x13,0x9,0x7,0x2,0x2,0x1,0x1,0x0,0x0,0x1,0x2,0x0,0x0,0x0,0x1,0x0,0x2,0x0,0x0,0x2,0x0,0x0,0x0,0x0,0x2,0x2,0x2,0x1,0x0,0x2,
0x4d,0x0,0x9,0x2,0x0,0x0,0x4,0x2,0x28,0x4,0x4,0x60,0x73,0x0,0x9,0xe,0xa,0xd,0x5,0x7,0x1,0x1,0x1,0x1,0x0,0x0,0x1,0x2,0x1,0x1,0x0,0x0,0x0,0x2,0x1,0x0,0x2,0x0,0x1,0x2,0x0,0x0,0x1,0x2,0x0,0x0,0x1,
0x3a,0x0,0x9,0x2,0x0,0x0,0x5,0x2,0x2d,0x6,0x38,0x62,0x91,0x0,0xb,0x8,0x11,0xe,0x6,0x4,0x2,0x2,0x1,0x1,0x0,0x0,0x0,0x2,0x1,0x0,0x0,0x0,0x0,0x2,0x1,0x0,0x2,0x0,0x2,0x2,0x1,0x0,0x0,0x2,0x0,0x0,0x1,
0x3a,0x0,0x9,0x2,0x0,0x0,0x4,0x2,0x23,0x9,0x1e,0x27,0x71,0x1,0x10,0x11,0xe,0x12,0x14,0x13,0x2,0x2,0x2,0x1,0x0,0x0,0x0,0x2,0x0,0x1,0x1,0x1,0x0,0x2,0x1,0x0,0x2,0x0,0x2,0x1,0x1,0x1,0x1,0x2,0x1,0x0,0x2,
0x59,0x0,0x9,0x2,0x0,0x0,0x4,0x2,0x23,0xa,0x16,0x1b,0x7a,0x1,0x7,0xf,0x7,0xd,0x11,0x15,0x1,0x1,0x1,0x1,0x0,0x0,0x1,0x2,0x1,0x1,0x1,0x0,0x0,0x2,0x0,0x0,0x2,0x0,0x1,0x1,0x1,0x1,0x0,0x2,0x0,0x0,0x2,
0x44,0x0,0x9,0x2,0x0,0x0,0x3,0x2,0x23,0x4,0x34,0x4c,0x6f,0x1,0x5,0x4,0x8,0x3,0xe,0x7,0x0,0x0,0x0,0x0,0x0,0x1,0x1,0x2,0x1,0x1,0x1,0x0,0x0,0x0,0x0,0x0,0x1,0x1,0x2,0x1,0x1,0x0,0x0,0x0,0x0,0x0,0x3,
0x3f,0x0,0x9,0x2,0x0,0x0,0x5,0x2,0x28,0xe,0x76,0x78,0x91,0x1,0x17,0x15,0x18,0x14,0x8,0xe,0x2,0x2,0x1,0x1,0x0,0x0,0x0,0x2,0x1,0x0,0x1,0x1,0x1,0x2,0x1,0x0,0x2,0x0,0x1,0x1,0x1,0x1,0x2,0x2,0x1,0x0,0x2,
0x59,0x0,0x9,0x2,0x0,0x0,0x4,0x2,0x2d,0xc,0xd,0x2e,0x71,0x1,0x11,0x10,0x17,0x14,0x9,0x13,0x2,0x2,0x0,0x2,0x0,0x0,0x0,0x2,0x0,0x2,0x2,0x0,0x0,0x2,0x0,0x0,0x2,0x0,0x1,0x0,0x0,0x0,0x0,0x2,0x0,0x0,0x2,
0x4f,0x0,0x9,0x2,0x0,0x0,0x5,0x2,0x32,0xd,0x52,0x65,0x95,0x1,0x12,0x13,0x10,0x16,0xd,0x7,0x2,0x2,0x2,0x1,0x1,0x0,0x1,0x2,0x1,0x1,0x1,0x0,0x2,0x2,0x1,0x0,0x2,0x0,0x0,0x0,0x2,0x0,0x0,0x2,0x1,0x1,0x2,
0x55,0x0,0x9,0x2,0x0,0x0,0x5,0x2,0x28,0x8,0x25,0x70,0x7e,0x3,0x9,0x6,0xc,0x7,0x12,0x6,0x2,0x2,0x1,0x1,0x0,0x0,0x0,0x2,0x0,0x0,0x0,0x1,0x2,0x2,0x0,0x0,0x2,0x0,0x0,0x1,0x1,0x1,0x0,0x2,0x1,0x0,0x2,
0x3d,0x0,0x9,0x2,0x0,0x0,0x3,0x2,0x28,0xe,0x4,0x61,0x8b,0x0,0xb,0xa,0x15,0x11,0x16,0xf,0x1,0x1,0x0,0x0,0x0,0x0,0x1,0x2,0x3,0x0,0x0,0x1,0x1,0x2,0x0,0x0,0x2,0x0,0x0,0x0,0x2,0x1,0x1,0x2,0x1,0x0,0x2,
0x4d,0x0,0x9,0x2,0x0,0x0,0x4,0x2,0x2d,0xb,0x55,0x5e,0x63,0x1,0xc,0x14,0x18,0x12,0x14,0xe,0x2,0x2,0x2,0x1,0x0,0x1,0x0,0x3,0x2,0x1,0x1,0x0,0x0,0x2,0x1,0x1,0x2,0x1,0x0,0x0,0x0,0x1,0x1,0x2,0x0,0x0,0x2,
0x5b,0x0,0x9,0x2,0x0,0x0,0x5,0x2,0x2d,0xf,0x52,0x56,0x65,0x5,0x17,0xd,0x18,0x15,0xe,0x9,0x2,0x2,0x2,0x0,0x1,0x1,0x1,0x2,0x0,0x1,0x1,0x1,0x0,0x2,0x1,0x0,0x2,0x0,0x1,0x1,0x0,0x0,0x0,0x2,0x1,0x1,0x2,
0x5b,0x0,0x9,0x2,0x0,0x0,0x3,0x2,0x28,0x9,0x4c,0x73,0x9b,0x1,0xb,0x7,0x12,0x9,0x18,0x13,0x2,0x2,0x1,0x1,0x0,0x0,0x1,0x2,0x2,0x0,0x0,0x1,0x1,0x2,0x1,0x0,0x2,0x1,0x0,0x1,0x1,0x1,0x2,0x2,0x0,0x1,0x2,
0x4f,0x0,0x9,0x2,0x0,0x0,0x4,0x2,0x23,0xa,0x25,0x39,0x7f,0x1,0x11,0x13,0x9,0x17,0x7,0x13,0x2,0x2,0x2,0x2,0x1,0x1,0x1,0x2,0x1,0x0,0x0,0x1,0x0,0x2,0x0,0x0,0x2,0x1,0x2,0x2,0x0,0x0,0x2,0x2,0x0,0x1,0x2,
0x54,0x0,0x9,0x2,0x0,0x0,0x5,0x2,0x28,0xc,0x44,0x91,0x96,0x1,0x15,0x9,0x11,0xe,0xf,0x8,0x2,0x2,0x1,0x0,0x0,0x0,0x0,0x3,0x1,0x0,0x0,0x1,0x0,0x2,0x1,0x0,0x2,0x0,0x1,0x1,0x1,0x1,0x0,0x3,0x0,0x0,0x1,
0x47,0x0,0x9,0x2,0x0,0x0,0x5,0x2,0x2d,0x11,0x4e,0x63,0x7a,0x1,0xb,0x15,0x10,0xa,0xe,0x13,0x2,0x2,0x1,0x1,0x0,0x1,0x1,0x2,0x0,0x1,0x1,0x1,0x1,0x2,0x1,0x0,0x2,0x0,0x0,0x0,0x1,0x2,0x2,0x2,0x1,0x2,0x2,
0x59,0x0,0x9,0x2,0x0,0x0,0x5,0x2,0x32,0x10,0x10,0x2f,0x90,0x5,0x17,0x5,0x1a,0x18,0xa,0xd,0x2,0x2,0x2,0x2,0x0,0x1,0x1,0x2,0x2,0x1,0x1,0x1,0x0,0x2,0x2,0x0,0x2,0x1,0x1,0x2,0x2,0x1,0x0,0x2,0x1,0x2,0x1,
0x63,0x0,0x9,0x2,0x0,0x0,0x5,0x2,0x32,0x19,0x27,0x65,0x97,0x5,0x19,0x14,0x1c,0x15,0xe,0xd,0x1,0x1,0x1,0x1,0x0,0x0,0x2,0x2,0x3,0x2,0x2,0x2,0x2,0x2,0x2,0x1,0x2,0x0,0x2,0x2,0x2,0x1,0x2,0x2,0x1,0x1,0x3,
0x76,0x0,0x9,0x2,0x0,0x0,0x5,0x2,0x2d,0x13,0x1b,0x63,0x7c,0x1,0x18,0x9,0x19,0x12,0x9,0x14,0x2,0x2,0x2,0x1,0x1,0x0,0x0,0x2,0x1,0x0,0x2,0x1,0x1,0x2,0x2,0x0,0x2,0x0,0x2,0x1,0x1,0x1,0x2,0x2,0x1,0x1,0x3,
0x64,0x0,0x9,0x2,0x0,0x0,0x6,0x2,0x37,0x18,0x1e,0x65,0x69,0x1,0x19,0xe,0x1a,0x17,0xc,0x15,0x2,0x2,0x2,0x2,0x1,0x1,0x1,0x2,0x0,0x2,0x2,0x1,0x1,0x3,0x1,0x1,0x2,0x1,0x2,0x1,0x1,0x1,0x1,0x2,0x1,0x2,0x3,
0x75,0x0,0x9,0x2,0x0,0x0,0x4,0x2,0x37,0x15,0x40,0x6f,0x73,0x3,0x12,0x17,0x19,0xb,0xa,0xa,0x2,0x2,0x2,0x1,0x1,0x1,0x2,0x2,0x2,0x1,0x1,0x1,0x2,0x3,0x1,0x1,0x3,0x1,0x1,0x2,0x2,0x1,0x1,0x2,0x1,0x0,0x3,
0x6a,0x0,0x9,0x2,0x0,0x0,0x5,0x2,0x2d,0x1e,0x21,0x4c,0x91,0x1,0x1d,0x15,0x17,0x12,0x3,0xa,0x2,0x2,0x1,0x1,0x2,0x1,0x2,0x2,0x3,0x1,0x1,0x1,0x0,0x2,0x2,0x2,0x2,0x1,0x1,0x2,0x2,0x1,0x0,0x2,0x0,0x1,0x3,
0x68,0x0,0x9,0x2,0x0,0x0,0x6,0x2,0x32,0x18,0x32,0x48,0x6e,0x5,0x18,0x14,0x1a,0xa,0x11,0x9,0x3,0x3,0x2,0x2,0x1,0x2,0x2,0x2,0x2,0x1,0x1,0x2,0x2,0x3,0x2,0x1,0x3,0x1,0x2,0x2,0x2,0x2,0x2,0x2,0x2,0x2,0x3,
0x7d,0x0,0x9,0x2,0x0,0x0,0x6,0x2,0x32,0x1a,0x55,0x62,0x67,0x3,0x12,0x9,0x1b,0x15,0x15,0xd,0x2,0x2,0x2,0x2,0x1,0x1,0x2,0x2,0x2,0x3,0x2,0x2,0x1,0x2,0x2,0x2,0x2,0x1,0x1,0x1,0x1,0x1,0x1,0x2,0x1,0x2,0x2,
0x73,0x0,0x9,0x2,0x0,0x0,0x5,0x2,0x37,0x15,0x2d,0x6a,0x7e,0x1,0x17,0x12,0x19,0x12,0x10,0xa,0x0,0x2,0x0,0x0,0x0,0x1,0x2,0x2,0x3,0x1,0x1,0x2,0x2,0x3,0x1,0x0,0x0,0x2,0x2,0x2,0x2,0x2,0x2,0x2,0x2,0x1,0x3,
0x77,0x0,0x9,0x2,0x0,0x0,0x6,0x2,0x41,0x1e,0xd,0x8a,0x95,0x3,0x1c,0x16,0x17,0x18,0xd,0x9,0x3,0x3,0x3,0x3,0x1,0x1,0x2,0x2,0x3,0x2,0x2,0x2,0x3,0x2,0x2,0x2,0x2,0x1,0x3,0x3,0x3,0x3,0x3,0x2,0x2,0x3,0x3,
0x8e,0x0,0x9,0x2,0x0,0x0,0x4,0x2,0x23,0xc,0x4e,0x89,0x95,0x1,0x11,0x8,0xd,0x16,0x7,0x8,0x2,0x2,0x1,0x1,0x0,0x1,0x0,0x2,0x1,0x0,0x0,0x0,0x1,0x2,0x1,0x0,0x2,0x0,0x0,0x0,0x0,0x0,0x0,0x2,0x1,0x0,0x2,
0x44,0x0,0x9,0x2,0x0,0x0,0x6,0x3,0x1e,0x5,0x25,0x5f,0x76,0x1,0x7,0x13,0x5,0x9,0x9,0xf,0x1,0x1,0x1,0x1,0x0,0x0,0x1,0x2,0x0,0x2,0x0,0x0,0x1,0x0,0x1,0x0,0x1,0x1,0x3,0x1,0x0,0x1,0x0,0x0,0x0,0x0,0x3,
0x8e,0x0,0xa,0x0,0x0,0x0,0x6,0x0,0x32,0x18,0x4,0x3b,0x9f,0x2,0x14,0x1e,0x15,0x14,0x17,0x17,0x1,0x1,0x0,0x0,0x0,0x1,0x3,0x3,0x3,0x2,0x3,0x3,0x3,0x3,0x3,0x0,0x1,0x1,0x3,0x2,0x3,0x3,0x3,0x3,0x0,0x0,0x0,
0x10,0x2,0xa,0x0,0x0,0x0,0x6,0x0,0x46,0x19,0x40,0x6c,0x81,0x2,0x15,0x1e,0x18,0x15,0x17,0x15,0x2,0x2,0x1,0x1,0x1,0x2,0x3,0x3,0x3,0x3,0x3,0x3,0x3,0x3,0x3,0x1,0x2,0x2,0x3,0x3,0x3,0x3,0x3,0x3,0x1,0x1,0x1,
0x58,0x2,0xa,0x0,0x1,0x0,0x6,0x1,0x50,0x1b,0xd,0x3f,0x8a,0x3,0x16,0x1f,0x18,0x16,0x18,0x16,0x2,0x2,0x2,0x2,0x1,0x2,0x3,0x3,0x3,0x3,0x3,0x3,0x3,0x3,0x3,0x1,0x2,0x2,0x3,0x3,0x3,0x3,0x3,0x3,0x2,0x2,0x2,
0x84,0x2,0xa,0x0,0x0,0x0,0x6,0x0,0x3c,0x18,0x4,0x7,0x85,0x0,0x13,0x1e,0x14,0x15,0x17,0x17,0x1,0x1,0x1,0x1,0x0,0x1,0x3,0x3,0x3,0x2,0x3,0x3,0x3,0x3,0x3,0x1,0x0,0x0,0x3,0x2,0x3,0x3,0x3,0x3,0x2,0x0,0x1,
0x1c,0x2,0xa,0x0,0x1,0x0,0x6,0x1,0x46,0x19,0x3f,0x40,0x44,0x1,0x18,0x1e,0x18,0x15,0x17,0x17,0x1,0x1,0x1,0x1,0x1,0x1,0x3,0x3,0x3,0x3,0x3,0x3,0x3,0x3,0x3,0x1,0x0,0x0,0x3,0x3,0x3,0x3,0x3,0x3,0x2,0x1,0x1,
0x44,0x2,0xa,0x0,0x1,0x0,0x6,0x1,0x50,0x1e,0x38,0x48,0x66,0x1,0x19,0x1f,0x19,0x11,0x12,0x16,0x2,0x2,0x2,0x1,0x1,0x2,0x3,0x3,0x3,0x3,0x3,0x3,0x3,0x3,0x3,0x1,0x1,0x1,0x3,0x3,0x3,0x3,0x3,0x3,0x2,0x2,0x2,
0x68,0x2,0xa,0x0,0x0,0x0,0x6,0x0,0x3c,0x18,0x7,0x3f,0x4b,0x0,0x14,0x1e,0x14,0x14,0x16,0x15,0x1,0x1,0x1,0x2,0x0,0x2,0x3,0x3,0x3,0x2,0x3,0x3,0x2,0x2,0x3,0x1,0x1,0x1,0x3,0x3,0x3,0x3,0x3,0x3,0x0,0x0,0x1,
0x1c,0x2,0xa,0x0,0x0,0x0,0x6,0x0,0x46,0x19,0x3e,0x44,0x83,0x2,0x18,0x1e,0x1a,0x15,0x17,0x17,0x1,0x2,0x3,0x3,0x1,0x3,0x3,0x3,0x3,0x3,0x3,0x3,0x3,0x3,0x3,0x2,0x2,0x2,0x3,0x3,0x3,0x3,0x3,0x3,0x2,0x1,0x2,
0x84,0x2,0xa,0x0,0x0,0x0,0x6,0x0,0x50,0x1d,0x40,0x67,0x8a,0x5,0x1a,0x1e,0x1d,0x16,0x17,0xc,0x2,0x2,0x3,0x3,0x1,0x3,0x3,0x3,0x3,0x3,0x3,0x3,0x3,0x3,0x3,0x2,0x2,0x2,0x3,0x3,0x3,0x3,0x3,0x3,0x2,0x2,0x2,
0x90,0x2,0xa,0x0,0x0,0x0,0x6,0x0,0x46,0x18,0x3f,0x40,0x63,0x3,0x15,0x1e,0x1a,0x15,0x17,0x17,0x1,0x1,0x1,0x1,0x0,0x2,0x3,0x3,0x3,0x3,0x3,0x3,0x3,0x3,0x3,0x1,0x0,0x0,0x3,0x3,0x3,0x3,0x3,0x3,0x2,0x1,0x1,
0x48,0x2,0xa,0x0,0x0,0x0,0x6,0x0,0x50,0x1d,0x3e,0x44,0x83,0x5,0x1e,0x1e,0x1b,0x12,0x18,0x15,0x1,0x1,0x1,0x1,0x1,0x2,0x3,0x3,0x3,0x3,0x3,0x3,0x3,0x3,0x3,0x2,0x1,0x1,0x3,0x3,0x3,0x3,0x3,0x3,0x2,0x1,0x2,
0x74,0x2,0xa,0x0,0x0,0x0,0x6,0x0,0x50,0x1f,0x63,0x65,0x67,0x5,0x1d,0x1e,0x1a,0x18,0x17,0x17,0x1,0x2,0x2,0x2,0x0,0x1,0x3,0x3,0x3,0x3,0x3,0x3,0x2,0x2,0x3,0x1,0x2,0x1,0x3,0x2,0x3,0x3,0x3,0x3,0x1,0x1,0x1,
0x58,0x2,0xa,0x0,0x0,0x0,0x6,0x0,0x46,0x1e,0x1,0x7,0xd,0x2,0x15,0x1e,0x1a,0x15,0x17,0x17,0x2,0x2,0x2,0x1,0x2,0x2,0x3,0x3,0x3,0x2,0x3,0x3,0x3,0x3,0x3,0x1,0x1,0x2,0x3,0x2,0x3,0x3,0x3,0x3,0x1,0x1,0x1,
0x50,0x2,0xa,0x0,0x0,0x0,0x6,0x0,0x50,0x1f,0x40,0x83,0x89,0x2,0x1d,0x1e,0x1a,0x15,0x17,0x17,0x2,0x2,0x2,0x0,0x0,0x0,0x3,0x3,0x3,0x3,0x3,0x3,0x2,0x2,0x3,0x1,0x3,0x1,0x3,0x3,0x3,0x3,0x3,0x3,0x1,0x1,0x2,
0x60,0x2,0xa,0x0,0x0,0x0,0x6,0x0,0x3c,0x1c,0x40,0x44,0x73,0x2,0x15,0x1e,0x1a,0x18,0x17,0x17,0x0,0x0,0x0,0x3,0x0,0x1,0x3,0x3,0x3,0x2,0x3,0x3,0x2,0x3,0x3,0x0,0x3,0x3,0x3,0x2,0x3,0x3,0x3,0x3,0x0,0x0,0x1,
0x38,0x2,0xa,0x0,0x1,0x0,0x6,0x1,0x3c,0x1b,0x3e,0x3f,0x85,0x2,0x15,0x1e,0x1a,0x15,0x17,0x17,0x1,0x2,0x2,0x1,0x1,0x2,0x3,0x3,0x3,0x2,0x3,0x3,0x3,0x3,0x3,0x1,0x1,0x2,0x3,0x2,0x3,0x3,0x3,0x3,0x1,0x0,0x2,
0x48,0x2,0xa,0x0,0x0,0x0,0x6,0x0,0x46,0x1d,0x40,0x6f,0x82,0x3,0x18,0x1e,0x1a,0x15,0x17,0x17,0x2,0x2,0x2,0x2,0x1,0x2,0x3,0x3,0x3,0x3,0x3,0x3,0x2,0x2,0x3,0x1,0x1,0x2,0x3,0x2,0x3,0x3,0x3,0x3,0x2,0x1,0x3,
0x6c,0x2,0xa,0x0,0x1,0x0,0x6,0x1,0x50,0x1f,0x3e,0x83,0x8a,0x1,0x1d,0x1e,0x1e,0x18,0x17,0x17,0x3,0x3,0x3,0x3,0x2,0x3,0x3,0x3,0x3,0x3,0x3,0x3,0x3,0x3,0x3,0x1,0x2,0x2,0x3,0x3,0x3,0x3,0x3,0x3,0x3,0x2,0x3,
0xc0,0x2,0xa,0x0,0x0,0x0,0x6,0x0,0x50,0x1e,0xd,0x40,0x44,0x2,0x1f,0x1e,0x1f,0x18,0x17,0x17,0x2,0x2,0x2,0x2,0x2,0x3,0x3,0x3,0x2,0x2,0x3,0x3,0x2,0x3,0x3,0x2,0x2,0x2,0x3,0x3,0x3,0x3,0x3,0x3,0x3,0x3,0x2,
0xac,0x2,0xa,0x0,0x0,0x0,0x6,0x0,0x41,0x1e,0x7,0x6b,0x8a,0x2,0x18,0x19,0x1a,0x17,0x16,0x1f,0x2,0x2,0x2,0x2,0x2,0x2,0x3,0x3,0x3,0x2,0x3,0x3,0x2,0x2,0x3,0x1,0x2,0x2,0x2,0x3,0x2,0x1,0x2,0x2,0x2,0x2,0x2,
0x6c,0x2,0xa,0x0,0x0,0x0,0x6,0x0,0x46,0x1f,0x3d,0x83,0xa0,0x5,0x1b,0x1f,0x1e,0x17,0x18,0x1f,0x3,0x3,0x3,0x3,0x2,0x3,0x3,0x3,0x3,0x2,0x3,0x3,0x2,0x3,0x3,0x2,0x2,0x3,0x3,0x3,0x3,0x2,0x1,0x1,0x1,0x1,0x2,
0x20,0x3,0xa,0x0,0x0,0x0,0x6,0x0,0x3c,0x1a,0x4,0x7,0x68,0x2,0x17,0x19,0x12,0x17,0xe,0x11,0x0,0x2,0x0,0x0,0x0,0x1,0x3,0x3,0x3,0x2,0x3,0x3,0x3,0x2,0x3,0x2,0x0,0x1,0x3,0x3,0x3,0x3,0x3,0x3,0x1,0x0,0x1,
