index, b0, b1, b2, b3, b4, b5, b6, b7, b8, b9, b10, b11, b12, b13b14, b15, b16, b17, b18, b19, b20, b21, b22, b23, b24, b25
1,10,0,255,255,255,255,0,0,0,1,25,0,0,0,10,0,7,0,8,0,7,0,200,200,100,200,
2,2,0,255,255,255,255,3,0,1,1,8,0,0,0,7,0,5,0,8,0,4,0,120,80,60,200,
3,145,0,255,255,255,255,6,0,2,5,10,0,9,0,11,0,4,0,10,0,10,0,100,70,150,200,
4,177,0,37,255,255,255,7,0,2,2,12,0,21,0,14,0,6,0,15,0,19,0,90,110,150,200,
5,57,0,51,255,255,255,10,0,2,1,14,0,18,0,16,0,11,0,13,0,34,0,100,150,200,200,
6,52,0,95,255,255,255,17,0,3,1,18,0,13,0,20,0,11,0,18,0,40,0,120,200,170,200,
7,39,1,37,255,255,255,44,1,0,5,220,0,8,0,27,0,10,0,44,0,65,0,230,150,40,200,
8,39,1,37,255,255,255,0,0,0,5,54,0,21,0,27,0,31,0,44,0,53,0,130,100,120,200,
9,10,0,255,255,255,255,9,0,2,4,27,0,21,0,28,0,9,0,27,0,70,0,180,180,80,150,
10,80,0,255,255,255,255,27,0,2,5,38,0,16,0,27,0,28,0,18,0,48,0,170,210,170,150,
11,115,0,33,47,255,255,21,0,1,5,21,0,16,0,14,0,11,0,42,0,72,0,250,150,40,150,
12,147,0,113,255,255,255,28,0,2,5,31,0,34,0,20,0,26,0,21,0,79,0,230,140,80,150,
13,25,1,4,51,255,255,78,0,2,9,46,0,41,0,36,0,40,0,94,0,223,0,190,80,0,150,
14,4,1,125,255,255,255,177,0,3,12,82,0,44,0,43,0,27,0,49,0,100,0,100,20,120,150,
15,107,0,22,47,255,255,155,0,3,13,61,0,71,0,46,0,41,0,95,0,158,0,230,80,50,150,
16,185,0,78,255,255,255,30,0,1,7,20,0,25,0,19,0,31,0,47,0,58,0,250,150,30,150,
17,90,0,91,255,255,255,45,0,1,7,40,0,37,0,38,0,36,0,29,0,86,0,200,50,50,150,
18,211,0,33,45,255,255,58,0,3,7,27,0,32,0,26,0,29,0,51,0,98,0,230,90,80,150,
19,5,0,16,255,255,255,127,0,2,10,37,0,41,0,31,0,55,0,124,0,89,0,170,120,80,150,
20,29,1,10,255,255,255,55,0,3,9,55,0,47,0,50,0,31,0,36,0,74,0,120,100,140,150,
21,11,0,22,37,255,255,102,0,2,5,37,0,56,0,26,0,28,0,43,0,60,0,70,200,170,150,
22,189,0,4,22,255,255,133,0,3,13,42,0,34,0,30,0,31,0,60,0,139,0,140,140,40,150,
23,65,1,56,145,255,255,99,0,3,9,39,0,48,0,27,0,29,0,89,0,138,0,100,20,170,150,
24,67,1,22,122,255,255,93,0,2,9,37,0,32,0,34,0,31,0,48,0,130,0,90,150,40,150,
25,30,1,84,106,255,255,106,0,2,9,53,0,41,0,47,0,31,0,58,0,129,0,150,130,90,150,
26,79,1,99,122,255,255,8,2,7,12,94,1,100,0,78,0,39,0,85,0,180,0,210,40,190,150,
27,79,1,122,255,255,255,0,0,0,12,89,0,78,0,69,0,60,0,85,0,180,0,110,130,190,150,
28,6,1,78,93,98,255,32,3,7,13,244,1,105,0,66,0,48,0,50,0,144,0,150,10,40,150,
29,60,1,41,255,255,255,148,0,2,12,58,0,63,0,32,0,28,0,89,0,133,0,70,50,140,150,
30,252,0,22,34,255,255,130,0,3,13,66,0,36,0,52,0,41,0,58,0,119,0,110,120,70,150,
31,66,1,39,255,255,255,155,0,3,11,54,0,42,0,45,0,48,0,71,0,156,0,150,40,170,150,
32,69,1,118,145,255,255,102,0,3,11,77,0,92,0,59,0,36,0,46,0,117,0,40,60,150,150,
33,76,1,76,155,255,255,111,0,3,9,41,0,35,0,40,0,34,0,141,0,207,0,170,150,150,150,
34,9,0,37,104,255,255,89,0,2,9,37,0,32,0,27,0,34,0,124,0,200,0,160,70,150,150,
35,37,0,54,255,255,255,254,0,3,12,66,0,38,0,49,0,74,0,66,0,123,0,200,210,70,150,
36,114,0,36,98,155,255,211,0,2,13,47,0,33,0,60,0,44,0,82,0,94,1,140,150,30,150,
37,215,0,92,127,255,255,228,0,3,13,74,0,69,0,48,0,41,0,65,0,151,0,200,80,10,150,
38,63,1,152,255,255,255,199,0,3,12,72,0,62,0,48,0,42,0,80,0,137,0,120,130,140,150,
39,15,0,125,141,255,255,188,0,3,13,53,0,64,0,50,0,42,0,83,0,204,0,50,70,150,150,
40,6,0,22,37,86,255,21,1,3,15,74,0,47,0,64,0,49,0,174,0,20,1,140,120,160,100,
41,132,0,93,122,255,255,247,1,3,19,77,0,55,0,64,0,69,0,111,0,173,0,80,100,100,100,
42,84,0,104,255,255,255,54,1,2,15,80,0,55,0,65,0,50,0,91,0,139,0,80,140,100,100,
43,86,0,16,255,255,255,45,1,3,16,80,0,45,0,69,0,45,0,64,0,133,0,190,80,200,100,
44,225,0,30,39,87,255,74,1,3,20,95,0,47,0,89,0,64,0,72,0,254,0,200,200,80,100,
45,44,1,64,68,255,255,31,1,3,16,58,0,72,0,53,0,51,0,141,0,157,0,250,30,150,100,
46,191,0,44,89,164,255,132,1,3,17,80,0,45,0,70,0,57,0,49,0,249,0,250,140,30,100,
47,34,1,141,255,255,255,70,1,2,13,59,0,72,0,65,0,50,0,59,0,155,0,150,150,40,100,
48,35,1,52,255,255,255,121,1,3,17,65,0,78,0,55,0,81,0,65,0,11,1,190,50,40,100,
49,153,0,27,36,255,255,70,1,3,17,72,0,90,0,58,0,53,0,85,0,183,0,30,210,110,100,
50,52,1,75,104,255,255,226,7,7,18,138,2,10,0,80,0,80,0,20,0,140,0,70,70,100,100,
51,32,1,22,94,255,255,17,2,4,20,93,0,58,0,94,0,80,0,55,0,159,0,200,30,50,100,
52,85,0,98,141,255,255,221,1,4,16,124,0,68,0,64,0,48,0,57,0,129,0,140,70,130,100,
53,92,0,23,30,255,255,63,1,3,21,73,0,103,0,52,0,58,0,117,0,230,1,100,220,110,100,
54,146,0,106,113,255,255,3,1,2,13,67,0,71,0,43,0,49,0,88,0,236,0,200,220,10,100,
55,5,1,1,4,165,255,251,0,3,18,81,0,130,0,75,0,60,0,99,0,70,1,100,120,100,100,
56,72,0,47,255,255,255,115,1,2,19,96,0,77,0,60,0,57,0,104,0,169,0,250,120,0,100,
57,148,0,45,56,255,255,67,1,3,19,90,0,173,0,72,0,83,0,116,0,204,0,200,120,140,100,
58,93,0,5,43,255,255,143,1,3,20,110,0,67,0,108,0,78,0,85,0,143,1,250,160,40,100,
59,75,0,37,105,255,255,244,0,3,16,115,0,67,0,55,0,40,0,101,0,177,0,110,140,150,100,
60,3,0,98,153,255,255,239,0,2,16,63,0,62,0,57,0,42,0,178,0,123,0,200,200,20,100,
61,108,0,89,104,255,255,154,1,3,16,100,0,63,0,68,0,71,0,125,0,146,0,50,50,120,100,
62,1,1,72,74,255,255,245,1,3,17,86,0,51,0,52,0,56,0,144,0,236,0,80,210,20,100,
63,80,1,17,144,255,255,210,1,4,19,100,0,78,0,73,0,77,0,122,0,236,0,30,190,30,100,
64,78,1,68,145,255,255,145,1,3,16,92,0,42,0,75,0,51,0,102,0,123,0,240,0,0,100,
65,159,0,85,105,113,255,90,2,4,20,86,0,76,0,84,0,52,0,74,0,65,1,200,120,110,100,
66,118,0,45,88,101,255,246,1,3,21,133,0,82,0,74,0,61,0,171,0,71,1,100,170,180,100,
67,190,0,72,96,255,255,224,1,3,23,98,0,90,0,79,0,80,0,135,0,60,1,130,20,90,100,
68,224,0,4,11,17,255,244,26,7,27,82,3,89,0,95,0,65,0,92,0,165,0,200,140,50,150,
69,12,0,78,104,144,255,99,3,4,20,127,0,51,0,80,0,71,0,149,0,186,0,150,150,150,100,
70,21,0,52,143,255,255,250,9,3,22,139,0,205,0,82,0,101,0,150,0,56,1,140,100,40,100,
71,112,0,106,154,255,255,144,4,3,23,94,0,123,0,78,0,89,0,181,0,206,0,180,120,100,100,
72,122,0,72,124,255,255,120,3,3,22,108,0,177,0,86,0,72,0,165,0,254,1,180,100,40,100,
73,143,0,5,33,36,255,81,3,3,24,94,0,160,0,75,0,85,0,95,0,106,1,80,180,190,100,
74,149,0,48,119,140,255,72,4,3,24,102,0,147,0,72,0,78,0,110,0,33,1,100,100,150,100,
75,18,0,4,200,255,255,120,80,6,30,78,0,121,1,104,0,11,2,243,1,204,1,10,30,150,100,
76,117,0,81,126,149,255,83,8,3,25,124,0,136,0,99,0,88,0,97,0,0,1,250,10,40,100,
77,45,0,65,80,157,255,95,7,3,28,154,0,84,0,143,0,99,0,155,0,110,1,130,120,140,100,
78,82,0,57,148,152,255,77,5,4,24,149,0,132,0,102,0,155,0,97,0,13,1,40,200,160,100,
79,31,1,55,58,255,255,105,4,3,25,156,0,201,0,84,0,149,0,115,0,110,1,200,210,10,100,
80,38,1,50,90,96,255,176,3,3,21,103,0,147,0,103,0,71,0,115,0,44,1,250,210,40,100,
81,218,0,4,53,68,255,225,4,4,23,126,0,149,0,89,0,106,0,119,0,210,0,140,100,120,100,
82,197,0,11,90,98,255,208,5,3,26,126,0,201,0,108,0,132,0,110,0,37,1,90,80,140,100,
83,124,0,65,98,255,255,253,5,5,32,165,0,108,0,146,0,87,0,155,0,60,1,200,140,200,100,
84,142,0,2,34,255,255,193,9,3,27,162,0,222,0,130,0,159,0,158,0,215,0,60,40,80,100,
85,26,1,34,169,255,255,61,5,3,27,150,0,237,0,133,0,127,0,92,0,23,1,140,60,150,100,
86,1,0,65,137,255,255,198,5,3,23,120,0,82,0,111,0,92,0,189,0,229,0,200,120,70,100,
87,186,0,50,79,255,255,230,8,3,21,138,0,127,0,95,0,84,0,120,0,210,0,80,120,150,100,
88,17,0,1,200,255,255,219,30,5,28,22,0,78,1,93,0,108,1,31,2,253,0,40,90,200,100,
89,161,0,50,122,128,255,200,7,4,34,110,0,106,0,114,0,97,0,108,0,199,0,100,80,200,100,
90,7,0,46,95,255,255,12,7,3,26,91,0,163,0,92,0,100,0,166,0,252,0,250,80,0,100,
91,16,0,29,31,56,255,159,13,6,32,172,0,124,0,150,0,105,0,115,0,190,1,200,160,100,100,
92,120,0,23,72,122,255,229,5,4,28,136,0,132,0,110,0,100,0,188,0,247,0,120,180,110,100,
93,219,0,76,150,255,255,240,5,3,32,193,0,119,0,108,0,80,0,157,0,137,0,130,90,140,100,
94,234,0,84,104,255,255,51,7,4,30,233,0,148,0,166,0,90,0,44,0,201,0,200,20,140,100,
95,48,1,49,72,120,255,47,9,3,37,167,0,238,0,122,0,135,0,108,0,110,1,50,40,180,100,
96,248,0,40,44,55,255,151,8,4,36,147,0,145,0,128,0,90,0,126,0,178,0,30,190,180,100,
97,227,0,92,132,255,255,169,8,4,35,185,0,203,0,142,0,117,0,109,0,122,1,130,80,140,100,
98,14,1,132,255,255,255,171,8,4,32,129,0,199,0,129,0,110,0,206,0,243,1,100,140,200,100,
99,13,1,58,255,255,255,197,8,5,33,92,0,219,0,119,0,153,0,224,0,249,0,20,30,200,100,
100,16,1,85,134,159,255,164,76,7,36,220,5,106,0,177,0,149,0,110,0,254,1,170,170,170,100,
101,51,0,12,46,255,255,19,13,6,37,11,1,234,0,174,0,144,0,165,0,34,2,130,140,140,100,
102,51,1,148,151,155,255,142,8,5,20,137,0,178,0,119,0,173,0,91,0,209,0,60,120,210,100,
103,88,0,46,113,132,255,173,9,4,37,186,0,248,0,143,0,119,0,156,0,13,1,120,80,200,100,
104,54,0,75,140,255,255,44,11,4,36,128,0,144,0,132,0,133,0,206,0,187,0,230,80,80,100,
105,188,0,38,45,255,255,160,13,4,32,150,0,137,0,119,0,200,0,129,0,10,1,140,90,90,100,
106,193,0,95,153,255,255,71,13,3,34,202,0,108,0,132,0,117,0,26,1,32,1,190,90,70,100,
107,109,1,66,70,95,131,142,150,7,38,184,11,157,1,225,0,160,0,156,0,150,0,180,80,220,100,
108,236,0,80,82,93,255,72,38,7,38,194,1,140,0,185,0,150,0,138,0,24,1,200,200,30,100,
109,10,1,40,99,255,255,220,30,7,37,226,0,108,0,140,0,120,0,140,0,13,1,100,100,60,100,
110,141,0,35,40,44,255,77,12,3,36,149,0,32,1,144,0,100,0,188,0,21,1,90,150,100,100,
111,109,0,42,86,160,255,204,11,3,36,134,0,149,0,122,0,132,0,169,0,186,0,120,150,200,100,
112,229,0,108,111,151,255,72,27,5,41,58,1,187,0,220,0,149,0,89,0,179,0,140,130,150,100,
113,228,0,45,81,98,255,77,25,5,40,203,0,230,0,205,0,184,0,63,1,81,3,160,120,180,100,
114,113,0,56,128,255,255,110,23,5,41,230,0,45,1,176,0,225,0,251,0,136,1,140,130,70,100,
115,7,1,25,93,134,255,233,79,7,40,212,3,82,1,190,0,200,0,210,0,73,1,250,40,30,100,
116,198,0,85,91,101,255,139,87,7,42,248,2,172,1,210,0,250,0,213,0,200,0,160,50,140,100,
117,88,1,70,106,125,255,248,70,7,41,232,3,221,1,0,1,14,1,150,0,54,1,190,130,0,100,
118,47,1,168,255,255,255,12,0,4,1,25,0,15,0,15,0,8,0,10,0,50,0,150,40,140,50,
119,47,1,1,168,255,255,45,0,4,5,39,0,24,0,43,0,27,0,22,0,144,0,150,40,140,50,
120,47,1,1,19,168,255,120,0,4,10,62,0,35,0,77,0,37,0,44,0,34,1,150,40,140,50,
121,47,1,2,19,168,255,104,1,4,15,81,0,42,0,110,0,47,0,64,0,144,1,150,40,140,50,
122,47,1,2,19,168,255,148,2,4,20,129,0,53,0,132,0,71,0,86,0,217,1,150,40,140,50,
123,47,1,3,19,168,255,70,5,4,25,151,0,62,0,154,0,108,0,124,0,45,2,150,40,140,50,
124,47,1,3,19,168,255,47,13,4,30,28,1,146,0,175,0,145,0,146,0,240,2,150,40,140,50,
125,47,1,3,19,168,255,245,25,4,35,62,1,166,0,202,0,184,0,168,0,135,3,150,40,140,50,
126,117,1,23,74,151,255,0,0,7,30,200,0,100,0,180,0,150,0,115,0,76,2,250,250,250,250,
127,118,1,45,66,140,255,0,0,7,40,44,1,200,0,210,0,160,0,172,0,136,1,250,250,250,250,
128,119,1,98,101,107,255,0,0,7,50,194,1,200,0,250,0,190,0,215,0,16,3,250,250,250,250,
129,120,1,63,70,131,255,0,0,7,60,188,2,144,1,94,1,44,1,143,0,172,3,250,250,250,250,
130,121,1,66,70,131,255,0,0,7,50,231,3,44,1,44,1,200,0,30,1,16,3,250,0,0,250,
131,7,0,39,255,255,255,0,0,7,6,36,0,9,0,14,0,13,0,32,0,123,0,60,80,140,100,
132,9,0,22,255,255,255,0,0,7,5,15,0,12,0,17,0,35,0,51,0,96,0,40,100,100,100,
133,30,1,84,255,255,255,0,0,7,6,19,0,10,0,17,0,31,0,34,0,96,0,180,10,100,100,
134,211,0,37,255,255,255,0,0,7,7,29,0,10,0,20,0,14,0,54,0,79,0,60,210,130,100,
135,166,0,122,255,255,255,0,0,7,7,40,0,22,0,14,0,12,0,68,0,96,0,70,100,160,100,
136,112,0,41,255,255,255,0,0,7,9,41,0,55,0,16,0,30,0,70,0,163,0,70,140,120,100,
137,77,0,104,255,255,255,0,0,7,9,46,0,35,0,26,0,21,0,42,0,146,0,200,100,200,150,
138,78,0,126,255,255,255,0,0,7,14,51,0,62,0,41,0,52,0,82,0,180,0,200,40,210,120,
139,44,1,50,255,255,255,0,0,7,11,48,0,72,0,51,0,71,0,171,0,0,1,200,0,90,120,
140,42,0,48,255,255,255,0,0,7,13,62,0,67,0,72,0,48,0,164,0,150,0,50,30,200,120,
141,154,0,97,115,255,255,0,0,7,13,60,0,37,0,64,0,45,0,95,0,110,1,120,20,140,120,
142,146,0,43,106,255,255,0,0,7,14,66,0,71,0,57,0,89,0,88,0,232,0,150,50,80,120,
143,147,0,113,127,255,255,0,0,7,14,67,0,77,0,65,0,52,0,95,0,223,0,250,140,80,120,
144,84,0,22,141,255,255,0,0,7,16,70,0,16,0,73,0,60,0,64,0,149,0,140,120,100,120,
145,150,0,48,91,255,255,0,0,7,17,100,0,50,0,60,0,65,0,78,0,5,1,250,170,0,150,
146,153,0,17,55,255,255,0,0,7,27,97,0,200,0,73,0,95,0,130,0,62,1,70,150,200,150,
147,167,0,23,90,148,255,0,0,7,25,152,0,138,0,82,0,100,0,80,0,54,1,190,150,150,150,
148,83,0,122,255,255,255,0,0,7,26,140,0,63,0,102,0,83,0,27,1,111,1,250,120,80,150,
149,44,0,76,105,144,255,0,0,7,33,151,0,99,0,124,0,104,0,106,0,91,1,200,150,90,150,
150,156,0,8,146,255,255,0,0,7,36,201,0,149,0,110,0,116,0,123,0,179,1,200,30,210,150,
151,152,0,110,125,255,255,0,0,7,35,145,0,132,0,105,0,105,0,189,0,141,1,180,100,150,150,
152,49,1,124,126,142,255,0,0,7,35,210,0,28,0,108,0,82,0,105,0,218,2,250,40,130,150,
153,91,1,55,87,255,255,0,0,7,42,250,0,224,0,180,0,150,0,97,0,82,3,250,200,40,200,
154,121,0,46,72,119,255,0,0,7,30,210,0,40,0,195,0,180,0,233,0,12,2,120,90,70,200,
155,43,0,23,97,150,255,0,0,7,39,225,0,38,0,200,0,165,0,142,0,224,2,180,200,200,200,
156,69,1,5,120,255,255,0,0,7,37,210,0,31,1,132,0,130,0,177,0,18,2,250,60,40,200,
157,82,1,49,134,255,255,0,0,7,37,24,1,204,0,169,0,120,0,125,0,194,2,250,200,30,200,
158,83,1,30,128,255,255,0,0,7,43,4,1,35,0,210,0,160,0,99,0,210,3,250,40,170,200,
159,113,0,17,46,56,255,0,0,7,45,13,1,201,0,166,0,155,0,192,0,197,1,30,110,200,200,
160,13,1,58,118,158,255,0,0,7,45,210,0,244,0,144,0,150,0,133,0,174,1,20,140,30,200,
161,1,1,40,72,74,255,0,0,7,45,74,1,149,0,182,0,180,0,149,0,62,3,180,10,200,200,
162,34,1,2,78,147,149,0,0,7,20,250,0,25,0,245,0,195,0,173,0,8,2,30,110,210,250,
163,15,1,44,154,161,255,0,0,7,49,74,1,22,0,44,1,210,0,50,0,95,3,100,140,140,250,
164,192,0,38,78,94,255,0,0,7,30,210,0,4,0,34,1,14,1,115,0,81,1,180,200,70,250,
165,251,0,57,111,255,255,0,0,7,50,250,0,15,0,74,1,24,1,142,0,171,2,20,200,100,250,
166,1,0,6,65,147,255,0,0,7,50,114,1,151,0,14,1,200,0,4,1,58,2,90,150,200,250,
167,23,0,18,31,131,145,0,0,7,50,70,0,60,0,14,1,28,2,150,0,240,0,120,200,180,250,
168,21,0,3,55,149,255,0,0,7,50,44,1,94,1,250,0,190,0,34,1,76,2,140,150,40,250,
169,96,0,6,23,70,100,0,0,7,60,100,2,29,1,206,1,123,1,198,1,182,3,200,200,200,250,
170,130,0,102,255,159,255,0,0,7,60,250,4,206,1,206,1,128,1,148,2,196,3,180,200,40,250,
171,64,0,66,114,255,255,0,0,7,60,10,4,211,1,40,2,206,1,181,1,210,3,210,170,180,250,
172,38,0,10,64,255,255,180,0,5,5,32,0,21,0,34,0,19,0,62,0,54,0,50,200,200,50,
173,78,0,37,111,255,255,147,0,5,5,27,0,43,0,24,0,27,0,42,0,80,0,200,40,30,50,
174,91,0,1,4,255,255,154,0,5,5,30,0,24,0,24,0,29,0,42,0,54,0,200,200,100,50,
175,99,0,104,127,255,255,184,0,5,5,32,0,16,0,29,0,21,0,23,0,74,0,10,180,200,50,
176,108,0,45,112,255,255,165,0,5,5,31,0,16,0,29,0,22,0,55,0,54,0,200,30,70,50,
177,153,0,22,49,255,255,182,0,5,5,32,0,34,0,16,0,28,0,39,0,97,0,110,180,150,50,
178,186,0,22,37,41,255,138,0,5,5,27,0,16,0,16,0,26,0,42,0,51,0,70,90,210,50,
179,218,0,99,115,255,255,177,0,5,6,42,0,26,0,50,0,50,0,26,0,97,0,170,200,80,50,
180,0,1,43,76,145,255,156,0,5,5,41,0,24,0,21,0,29,0,23,0,86,0,20,140,30,50,
181,3,1,1,54,255,255,149,0,5,5,41,0,33,0,43,0,29,0,55,0,127,0,140,200,220,50,
182,4,1,52,96,144,255,175,0,5,5,19,0,19,0,29,0,16,0,23,0,37,0,40,50,170,50,
183,25,1,50,64,127,255,169,0,5,5,27,0,21,0,22,0,34,0,42,0,97,0,140,40,120,50,
184,33,1,39,51,81,255,174,0,5,5,27,0,22,0,16,0,16,0,23,0,70,0,100,140,110,50,
185,40,1,1,122,125,255,164,0,5,6,26,0,45,0,34,0,18,0,26,0,134,0,220,10,20,50,
186,49,1,50,94,126,255,171,0,5,5,30,0,33,0,24,0,29,0,16,0,97,0,40,40,200,50,
187,72,1,76,88,164,255,180,0,5,6,26,0,45,0,29,0,18,0,55,0,150,0,200,140,110,50,
188,3,0,37,89,154,255,220,0,5,11,49,0,44,0,45,0,35,0,139,0,100,0,90,130,200,90,
189,42,0,68,93,255,255,243,0,5,9,78,0,47,0,47,0,42,0,35,0,64,0,30,200,100,90,
190,44,0,4,147,255,255,250,0,5,10,58,0,37,0,63,0,42,0,35,0,140,0,200,30,200,90,
191,73,0,64,85,255,255,233,0,5,9,60,0,32,0,42,0,32,0,75,0,160,0,20,210,110,90,
192,83,0,22,27,255,255,228,0,5,9,48,0,29,0,47,0,48,0,112,0,80,0,120,130,200,90,
193,85,0,45,92,93,255,25,1,5,11,71,0,10,0,76,0,24,0,42,0,64,0,200,10,10,90,
194,112,0,39,99,106,255,229,0,5,9,73,0,48,0,48,0,34,0,75,0,201,0,10,210,40,90,
195,117,0,46,143,144,255,237,0,5,8,48,0,42,0,48,0,34,0,69,0,80,0,20,90,170,90,
196,211,0,22,51,255,255,245,0,5,8,39,0,24,0,47,0,24,0,68,0,80,0,140,10,200,90,
197,213,0,86,113,255,255,10,1,5,9,47,0,29,0,52,0,34,0,68,0,244,0,140,200,200,90,
198,255,0,37,78,255,255,251,0,5,9,48,0,42,0,47,0,26,0,42,0,107,0,40,50,130,90,
199,2,1,43,81,146,255,241,0,5,9,47,0,73,0,73,0,34,0,60,0,244,0,30,210,40,90,
200,26,1,22,106,255,255,255,0,5,10,52,0,51,0,52,0,37,0,46,0,154,0,150,130,20,90,
201,34,1,72,99,147,255,242,0,5,11,34,0,49,0,39,0,55,0,43,0,100,0,200,10,40,90,
202,67,1,41,54,97,255,11,1,5,11,37,0,54,0,49,0,49,0,79,0,51,1,140,130,40,90,
203,75,1,104,105,255,255,248,0,5,9,43,0,42,0,63,0,78,0,69,0,97,0,180,170,30,90,
204,6,0,1,46,98,255,94,1,5,15,71,0,52,0,72,0,66,0,172,0,237,0,140,100,170,140,
205,13,0,16,113,144,255,121,1,5,15,62,0,120,0,62,0,62,0,68,0,144,1,200,170,210,140,
206,48,0,47,33,139,255,128,1,5,15,71,0,62,0,71,0,67,0,103,0,224,0,10,200,200,140,
207,58,0,19,91,137,255,113,1,5,17,72,0,38,0,112,0,66,0,102,0,140,0,120,200,10,140,
208,86,0,37,47,76,255,143,1,5,15,77,0,42,0,72,0,42,0,60,0,124,0,150,150,150,140,
209,217,0,42,101,125,255,115,1,5,15,72,0,37,0,77,0,65,0,102,0,140,0,200,140,180,140,
210,109,0,22,113,157,255,113,1,5,17,95,0,77,0,77,0,80,0,172,0,127,1,140,110,200,140,
211,147,0,35,46,143,255,63,1,5,13,71,0,77,0,58,0,48,0,96,0,224,0,30,210,140,140,
212,190,0,110,118,127,255,111,1,5,15,71,0,42,0,72,0,47,0,172,0,157,0,30,140,190,140,
213,192,0,45,80,141,255,99,1,5,17,72,0,37,0,71,0,85,0,93,0,107,0,140,110,30,140,
214,193,0,35,36,99,255,110,1,5,18,120,0,67,0,105,0,67,0,172,0,124,0,40,110,120,140,
215,214,0,23,49,128,255,93,1,5,15,82,0,32,0,67,0,47,0,60,0,244,1,200,10,170,140,
216,220,0,23,27,30,255,127,1,5,13,62,0,32,0,57,0,42,0,60,0,237,0,170,20,50,140,
217,252,0,36,98,101,255,129,1,5,16,71,0,37,0,115,0,42,0,68,0,124,0,150,200,160,140,
218,44,1,74,87,96,255,92,1,5,15,67,0,72,0,62,0,71,0,172,0,1,1,200,10,200,140,
219,82,1,46,122,255,255,123,1,5,16,125,0,42,0,81,0,57,0,60,0,144,1,200,160,50,140,
220,11,0,159,161,255,255,38,2,5,20,63,0,112,0,63,0,83,0,209,0,134,1,50,140,170,170,
221,20,0,56,57,65,255,29,2,5,23,112,0,146,0,121,0,82,0,133,0,117,1,200,110,210,170,
222,53,0,14,48,98,255,56,2,5,18,93,0,48,0,67,0,58,0,187,0,194,0,140,10,160,170,
223,77,0,33,38,52,255,254,1,5,23,103,0,53,0,72,0,67,0,118,0,244,0,80,40,140,170,
224,128,0,40,85,90,255,29,2,5,21,93,0,146,0,75,0,82,0,118,0,231,1,40,10,190,170,
225,152,0,51,119,255,255,24,2,5,22,63,0,165,0,59,0,131,0,209,0,210,0,200,110,210,170,
226,183,0,5,81,82,255,43,2,5,23,78,0,48,0,82,0,141,0,118,0,160,0,140,150,30,170,
227,188,0,94,104,152,255,57,2,5,23,112,0,53,0,93,0,141,0,90,0,244,0,190,170,10,170,
228,197,0,19,101,117,255,85,2,5,22,133,0,80,0,95,0,50,0,140,0,11,1,120,200,200,170,
229,215,0,11,54,144,255,22,2,5,21,68,0,117,0,63,0,82,0,118,0,34,1,160,20,170,170,
230,221,0,8,65,69,255,29,2,5,22,80,0,48,0,58,0,63,0,105,0,134,1,190,20,10,170,
231,212,0,75,124,158,255,0,2,5,21,63,0,78,0,93,0,112,0,83,0,210,0,110,20,160,170,
232,236,0,74,117,128,255,71,2,5,23,79,0,40,0,83,0,156,0,108,0,250,0,10,210,200,170,
233,31,1,42,127,155,255,84,2,5,21,112,0,138,0,58,0,141,0,90,0,181,1,200,200,20,170,
234,32,1,25,51,99,255,61,2,5,21,93,0,58,0,146,0,105,0,76,0,4,1,50,50,150,170,
235,155,0,95,124,131,255,79,2,5,21,159,0,200,0,151,0,98,0,153,0,181,1,140,20,40,170,
236,18,0,44,65,133,255,81,48,5,27,18,0,50,1,119,0,159,1,138,2,58,2,30,170,30,200,
237,54,0,8,38,154,255,232,3,5,27,134,0,126,0,159,0,131,0,180,0,24,1,120,200,200,200,
238,72,0,48,91,125,255,117,4,5,23,133,0,153,0,122,0,83,0,76,0,160,0,30,150,140,200,
239,88,0,14,48,105,255,55,4,5,27,137,0,89,0,151,0,132,0,246,0,24,1,140,20,170,200,
240,113,0,2,111,137,255,158,4,5,25,131,0,119,0,114,0,126,0,210,0,41,1,200,10,50,200,
241,119,0,23,81,122,255,40,4,5,27,156,0,64,0,182,0,85,0,128,0,25,2,80,160,20,200,
242,154,0,57,96,161,255,14,5,5,25,127,0,59,0,98,0,84,0,128,0,231,1,10,200,110,200,
243,194,0,34,48,140,255,11,4,5,27,177,0,122,0,104,0,59,0,170,0,201,1,150,20,180,200,
244,201,0,23,52,120,255,95,4,5,23,172,0,136,0,140,0,125,0,149,0,21,1,160,140,200,200,
245,219,0,23,76,99,255,66,5,5,26,119,0,89,0,156,0,59,0,85,0,24,1,180,40,200,200,
246,224,0,51,79,152,255,166,4,5,25,176,0,89,0,123,0,92,0,128,0,61,2,200,190,210,200,
247,246,0,52,140,255,255,245,3,5,26,93,0,131,0,89,0,84,0,230,0,8,2,30,200,130,200,
248,248,0,105,126,255,255,42,5,5,26,119,0,89,0,119,0,84,0,128,0,24,1,160,30,40,200,
249,13,1,58,134,255,255,40,4,5,27,89,0,172,0,54,0,84,0,43,1,41,1,60,60,60,200,
250,144,0,75,127,169,255,39,5,5,28,161,0,89,0,172,0,147,0,180,0,214,0,100,200,200,200,
251,63,1,55,138,145,255,64,4,5,28,135,0,126,0,204,0,142,0,180,0,197,0,200,210,30,200,
252,9,0,17,111,147,255,187,6,5,33,119,0,108,0,116,0,162,0,202,0,55,2,110,120,130,210,
253,39,0,5,93,106,255,111,6,5,34,145,0,210,0,106,0,127,0,109,0,204,2,30,180,170,210,
254,45,0,2,75,126,255,99,7,6,33,141,0,69,0,194,0,108,0,106,0,97,1,200,200,200,210,
255,87,0,23,74,134,255,204,6,5,31,210,0,74,0,153,0,157,0,149,0,214,1,100,200,80,210,
256,116,0,25,70,128,255,109,6,5,32,144,0,106,0,136,0,74,0,243,0,230,0,100,140,120,210,
257,118,0,19,79,168,255,3,6,5,33,108,0,175,0,194,0,194,0,202,0,114,1,120,40,70,210,
258,122,0,30,130,154,255,17,6,6,33,194,0,74,0,157,0,141,0,232,0,71,2,70,200,200,210,
259,180,0,45,100,146,255,228,6,5,32,141,0,104,0,99,0,165,0,149,0,41,2,40,120,90,210,
260,182,0,11,52,143,255,1,6,5,30,155,0,97,0,150,0,100,0,120,0,210,0,160,150,30,210,
261,191,0,46,117,120,255,207,6,5,33,152,0,79,0,200,0,108,0,96,0,214,1,120,200,40,210,
262,253,0,14,58,149,255,84,6,5,33,210,0,189,0,189,0,134,0,132,0,71,2,30,210,40,210,
263,6,1,23,116,123,255,223,5,5,31,170,0,194,0,127,0,98,0,92,0,91,1,90,120,40,210,
264,39,1,2,84,117,255,188,5,5,33,175,0,205,0,170,0,127,0,139,0,154,2,30,200,100,210,
265,70,1,111,114,154,255,122,6,5,33,141,0,108,0,199,0,164,0,182,0,20,2,80,200,10,210,
266,73,1,57,116,160,255,22,7,5,33,111,0,79,0,193,0,141,0,120,0,154,2,110,30,210,210,
267,85,1,23,149,155,255,110,7,6,34,243,0,253,0,189,0,135,0,156,0,85,1,220,10,180,210,
268,19,0,24,60,143,255,241,13,6,38,251,0,137,0,215,0,107,0,142,0,52,3,110,70,200,220,
269,62,0,32,129,161,255,111,14,6,38,246,0,137,0,220,0,147,0,189,0,184,1,100,200,220,220,
270,71,0,66,104,144,255,56,14,5,39,167,0,115,0,196,0,121,0,110,0,141,1,30,60,170,220,
271,75,0,56,73,124,255,35,14,5,38,119,0,115,0,186,0,120,0,90,0,127,1,30,60,190,220,
272,107,0,6,74,138,255,212,14,5,38,167,0,115,0,198,0,127,0,147,0,221,2,180,200,210,220,
273,114,0,12,95,105,255,216,14,5,37,138,0,132,0,215,0,105,0,169,0,48,2,30,120,170,220,
274,126,0,81,82,117,255,71,15,6,36,140,0,85,0,182,0,127,0,187,0,208,2,200,20,210,220,
275,189,0,23,106,149,255,162,14,5,38,216,0,137,0,215,0,133,0,99,0,238,2,140,20,70,220,
276,222,0,24,108,109,255,113,14,6,40,171,0,118,0,200,0,160,0,116,0,146,3,200,100,90,220,
277,223,0,42,56,135,255,124,15,5,39,246,0,137,0,187,0,156,0,156,0,48,2,20,200,200,220,
278,227,0,40,85,107,255,237,14,5,39,251,0,221,0,221,0,127,0,136,0,45,2,90,200,200,220,
279,235,0,44,91,136,255,112,14,5,41,220,0,80,0,0,1,166,0,126,0,68,2,120,200,10,220,
280,38,1,24,38,103,255,136,15,6,41,225,0,115,0,217,0,180,0,177,0,224,2,30,220,140,220,
281,50,1,75,100,157,255,123,13,6,39,230,0,215,0,251,0,150,0,99,0,28,1,10,200,180,220,
282,74,1,31,82,146,255,170,13,5,41,221,0,60,0,9,1,210,0,116,0,45,2,140,150,40,220,
283,80,1,36,59,142,255,107,14,5,40,225,0,115,0,230,0,144,0,119,0,127,1,230,110,200,220,
284,4,0,32,51,159,255,114,27,5,46,151,0,205,0,171,0,235,0,80,1,15,3,40,40,210,230,
285,43,0,96,98,111,255,234,27,6,46,249,0,171,0,8,1,226,0,135,0,174,1,190,200,80,230,
286,81,0,52,134,158,255,118,27,5,44,38,1,106,0,142,0,13,1,245,0,97,1,150,20,110,230,
287,84,0,35,105,150,255,48,28,6,45,210,0,189,0,201,0,190,0,31,1,147,1,100,140,200,230,
288,92,0,45,57,137,255,206,27,6,43,193,0,76,1,201,0,140,0,128,1,65,3,20,140,180,230,
289,115,0,15,113,138,255,178,28,5,42,171,0,149,0,156,0,136,0,31,1,58,2,200,200,140,230,
290,124,0,21,130,150,255,245,28,6,45,244,0,106,0,181,0,206,0,14,1,146,3,30,210,200,230,
291,148,0,21,100,152,255,218,29,6,45,13,1,91,1,186,0,203,0,128,1,147,1,200,200,130,230,
292,178,0,48,101,109,255,73,29,6,46,8,1,150,0,13,1,249,0,245,0,143,3,50,200,10,230,
293,225,0,3,110,157,255,237,29,6,44,189,0,106,0,189,0,136,0,195,0,137,3,170,80,140,230,
294,228,0,55,120,149,255,89,29,6,45,210,0,13,1,244,0,175,0,93,1,152,3,50,200,40,230,
295,250,0,31,136,159,255,38,29,5,44,19,1,201,0,3,1,245,0,213,0,8,2,20,40,200,230,
296,14,1,20,79,130,255,161,28,6,45,201,0,13,1,23,1,13,1,215,0,135,3,140,10,200,230,
297,81,1,6,42,158,255,217,27,6,43,38,1,13,1,231,0,61,1,213,0,146,3,180,170,20,230,
298,52,1,21,32,148,255,98,27,5,44,23,1,171,0,201,0,244,0,56,0,156,3,50,200,200,230,
299,87,1,59,95,101,255,49,28,6,46,68,1,249,0,80,1,56,1,218,1,197,1,200,140,100,230,
300,51,0,51,67,154,255,141,51,6,49,101,1,48,1,214,0,251,0,50,1,161,3,200,20,200,240,
301,47,0,12,73,102,255,211,51,6,48,33,1,116,0,118,1,86,1,203,1,185,3,190,200,10,240,
302,95,0,73,104,148,159,0,55,6,49,251,0,181,0,101,1,5,1,97,1,62,2,200,210,90,240,
303,98,0,25,57,157,255,26,53,6,49,210,0,161,0,77,1,231,0,50,1,146,3,200,150,210,240,
304,157,0,40,116,150,255,169,55,6,52,0,1,12,1,113,1,56,1,178,1,134,3,100,200,90,240,
305,199,0,15,95,145,255,130,55,6,49,118,1,173,0,214,0,117,1,150,0,173,3,180,40,50,240,
306,229,0,45,75,100,255,97,54,6,49,143,1,173,0,78,1,0,1,229,0,94,1,40,10,190,240,
307,232,0,63,117,132,255,91,53,6,51,251,0,18,1,90,1,12,1,247,0,154,3,50,200,50,240,
308,233,0,24,123,131,255,169,51,6,48,36,1,247,0,221,0,28,1,71,1,91,2,120,160,100,240,
309,7,1,60,138,160,255,139,52,6,49,101,1,120,0,121,1,224,0,178,1,172,3,20,200,90,240,
310,10,1,3,79,114,255,196,54,6,51,210,0,223,0,0,1,217,0,189,0,201,2,30,170,90,240,
311,51,1,26,100,158,255,240,51,6,49,125,1,155,0,30,1,188,0,95,0,15,3,150,130,110,240,
312,71,1,9,48,147,255,163,51,6,49,90,1,214,0,220,0,156,0,180,0,62,2,150,140,60,240,
313,56,1,56,85,155,255,170,56,6,49,42,1,254,0,59,1,182,0,226,0,78,2,150,150,200,240,
314,86,1,32,62,124,146,80,54,6,49,143,1,12,1,71,1,173,0,159,0,145,3,170,20,100,240,
315,88,1,18,77,107,255,199,51,6,52,56,1,90,1,78,1,90,1,33,1,159,3,150,50,90,240,
316,23,0,31,46,96,149,73,11,6,54,40,0,70,0,24,1,245,2,231,3,231,3,20,220,200,250,
317,56,0,6,108,127,144,19,72,6,55,126,1,150,0,100,1,217,0,150,0,178,3,200,200,200,250,
318,59,0,51,80,114,152,41,66,6,55,169,1,17,1,38,1,199,0,225,0,142,3,200,40,210,250,
319,60,0,61,75,111,137,117,72,6,57,186,1,186,0,102,1,182,0,180,0,158,3,110,140,130,250,
320,61,0,9,48,122,159,214,64,6,57,100,1,34,0,92,1,194,0,222,0,148,3,100,150,200,250,
321,127,0,24,63,116,126,176,69,6,57,23,2,239,0,105,1,195,0,199,0,181,3,190,110,50,250,
322,131,0,12,95,102,255,125,75,6,57,186,1,43,1,34,1,190,0,75,1,168,3,200,120,140,250,
323,162,0,42,75,124,158,234,71,6,57,175,1,48,0,91,1,172,0,226,0,201,3,100,200,200,250,
324,230,0,21,45,107,144,55,73,6,55,110,1,115,0,113,1,212,0,116,0,158,3,130,200,140,250,
325,231,0,3,77,135,255,79,69,6,56,186,1,164,2,100,1,182,0,225,0,180,3,120,80,140,250,
326,237,0,24,102,160,255,32,66,6,57,186,1,43,1,96,1,221,0,53,1,158,3,100,150,50,250,
327,240,0,9,57,119,156,61,68,6,52,10,1,105,1,54,1,203,0,170,0,152,3,10,200,160,250,
328,8,1,45,60,130,255,226,74,6,53,42,1,100,0,27,1,194,0,150,0,182,3,10,220,200,250,
329,11,1,67,100,131,255,194,59,6,57,100,1,126,1,69,1,189,0,190,0,192,3,200,140,100,250,
330,83,1,26,77,125,157,210,72,6,54,160,1,90,0,124,1,145,0,110,0,156,3,200,50,200,250,
331,84,1,18,104,149,255,91,68,6,54,133,1,100,1,44,1,166,0,156,0,152,3,200,170,140,250,
332,15,0,118,125,141,255,0,0,7,7,38,0,20,0,39,0,20,0,86,0,127,0,120,140,100,90,
333,28,1,10,35,157,255,0,0,7,9,47,0,42,0,42,0,48,0,69,0,80,0,130,200,140,90,
334,40,0,46,113,139,255,0,0,7,16,61,0,70,0,75,0,75,0,108,0,134,0,200,210,20,140,
335,151,0,50,104,113,255,0,0,7,15,83,0,120,0,71,0,42,0,157,0,240,0,180,120,40,140,
336,158,0,92,96,127,255,0,0,7,17,60,0,50,0,45,0,70,0,53,0,144,1,40,210,60,140,
337,27,1,1,105,255,255,0,0,7,17,63,0,52,0,80,0,85,0,102,0,190,0,200,100,200,140,
338,36,0,65,113,149,255,0,0,7,25,62,0,135,0,111,0,99,0,115,0,34,1,120,130,210,200,
339,110,0,47,52,117,255,0,0,7,25,81,0,81,0,143,0,118,0,182,0,190,0,200,20,170,200,
340,144,0,32,72,91,255,0,0,7,24,113,0,160,0,155,0,87,0,98,0,187,0,110,120,130,200,
341,176,0,76,139,149,255,0,0,7,26,84,0,79,0,139,0,98,0,88,0,197,0,150,210,10,200,
342,178,0,19,54,78,255,0,0,7,21,141,0,63,0,123,0,97,0,93,0,160,0,200,30,40,170,
343,249,0,74,82,112,255,0,0,7,25,111,0,76,0,118,0,91,0,152,0,121,1,40,210,140,200,
344,49,0,52,96,114,255,0,0,7,33,141,0,205,0,111,0,146,0,126,0,91,1,90,200,210,210,
345,111,0,11,40,81,255,0,0,7,35,189,0,78,0,202,0,119,0,196,0,104,1,200,110,40,220,
346,141,0,40,44,116,255,0,0,7,35,219,0,21,1,119,0,98,0,182,0,234,2,80,50,200,220,
347,155,0,51,117,119,255,0,0,7,35,194,0,202,0,119,0,100,0,99,0,241,1,20,200,150,220,
348,157,0,45,101,109,255,0,0,7,33,141,0,200,0,175,0,111,0,145,0,55,2,30,180,130,210,
349,177,0,38,95,132,255,0,0,7,36,111,0,111,0,124,0,124,0,127,0,141,2,110,200,10,220,
350,29,1,11,21,160,255,0,0,7,35,114,0,207,0,119,0,164,0,123,0,25,2,60,190,140,220,
351,35,1,40,46,52,255,0,0,7,33,141,0,141,0,175,0,145,0,132,0,214,1,10,50,140,220,
352,50,1,104,105,159,255,0,0,7,35,249,0,114,0,194,0,136,0,196,0,145,2,160,160,160,220,
353,76,1,76,116,155,255,0,0,7,35,119,0,78,0,224,0,136,0,196,0,25,2,50,200,160,220,
354,8,0,3,38,111,255,0,0,7,46,175,0,115,0,225,0,186,0,179,0,121,2,200,50,200,240,
355,14,0,67,74,101,150,0,0,7,45,27,1,165,0,233,0,199,0,227,0,129,2,200,130,200,240,
356,97,0,48,51,105,111,0,0,7,45,205,0,141,0,235,0,183,0,190,0,192,3,200,100,150,240,
357,159,0,85,105,114,120,0,0,7,44,186,0,249,0,199,0,114,0,185,0,208,2,140,130,80,240,
358,160,0,51,79,101,121,0,0,7,46,203,0,195,0,236,0,133,0,190,0,68,2,60,210,60,240,
359,161,0,18,50,122,128,0,0,7,45,150,0,130,0,238,0,150,0,200,0,215,3,40,110,200,240,
360,217,0,80,107,142,255,0,0,7,44,187,0,156,0,218,0,126,0,121,1,62,3,140,120,40,240,
361,234,0,84,100,104,255,0,0,7,44,115,1,24,0,95,1,96,0,86,0,45,2,200,20,200,240,
362,254,0,20,95,149,255,0,0,7,44,186,0,179,0,244,0,204,0,156,0,149,3,140,200,10,240,
363,65,1,56,98,137,145,0,0,7,44,156,0,146,0,189,0,154,0,209,0,251,2,140,170,20,240,
364,24,0,60,62,129,255,0,0,7,55,123,0,75,3,230,0,75,3,138,2,231,3,180,200,40,250,
365,25,0,25,32,138,149,0,0,7,57,144,1,100,0,39,1,151,0,9,1,231,3,150,170,60,250,
366,64,0,31,63,71,159,0,0,7,56,197,1,120,0,154,1,205,0,240,0,231,3,210,180,30,250,
367,96,0,6,67,71,100,0,0,7,55,29,1,8,1,94,1,195,0,254,0,213,3,200,200,200,250,
368,129,0,61,129,148,255,0,0,7,55,144,1,41,2,74,1,210,0,88,1,231,3,200,210,60,250,
369,238,0,73,85,103,131,0,0,7,55,144,1,169,1,82,1,220,0,198,1,182,3,60,200,40,250,
370,12,1,24,121,123,150,0,0,7,57,169,1,40,0,54,1,185,0,12,1,212,3,40,200,140,250,
371,53,1,62,85,129,136,0,0,7,55,169,1,80,0,29,1,187,1,254,0,231,3,200,210,110,250,
372,74,0,37,54,97,255,0,0,7,18,88,0,92,0,127,0,93,0,69,0,127,1,200,200,80,150,
373,188,0,19,51,109,255,0,0,7,28,123,0,173,0,119,0,166,0,180,0,101,1,70,100,210,170,
374,94,0,32,52,99,144,0,0,7,32,144,0,64,0,198,0,79,0,152,0,197,1,200,150,30,150,
375,74,1,30,53,92,121,0,0,7,42,230,0,18,1,226,0,16,1,50,1,241,2,10,200,220,180,
376,146,0,25,47,60,155,0,0,7,37,166,0,159,0,214,0,212,0,155,0,235,2,210,40,210,150,
377,116,1,6,103,131,173,238,232,7,44,160,15,231,3,94,1,220,0,160,0,210,0,150,150,150,200,
378,98,0,255,255,255,255,0,0,0,1,25,0,11,0,23,0,14,0,23,0,14,0,220,180,40,250,
379,196,0,255,255,255,255,0,0,0,1,15,0,28,0,17,0,30,0,14,0,29,0,150,170,60,250,
380,62,0,255,255,255,255,0,0,0,1,27,0,24,0,28,0,16,0,21,0,19,0,210,130,140,250,
381,82,1,255,255,255,255,0,0,0,1,30,0,24,0,28,0,16,0,21,0,26,0,200,200,200,250,
382,11,1,255,255,255,255,0,0,0,1,30,0,21,0,26,0,24,0,11,0,30,0,200,210,60,250,
383,116,1,255,255,255,255,0,0,0,1,70,0,55,0,55,0,40,0,30,0,120,0,100,100,100,100,
384,181,0,86,255,255,255,6,0,2,3,15,0,11,0,15,0,4,0,14,0,18,0,180,100,100,200,
385,246,0,255,255,255,255,6,0,1,3,16,0,16,0,11,0,5,0,21,0,15,0,150,150,150,200,
386,79,0,104,255,255,255,180,0,7,5,98,0,16,0,20,0,8,0,36,0,120,0,120,100,180,200,
387,79,0,104,255,255,255,60,0,0,5,61,0,24,0,36,0,23,0,42,0,26,0,200,100,80,200,
388,27,1,1,162,255,255,9,0,2,4,16,0,11,0,14,0,11,0,6,0,11,0,140,70,90,150,
389,30,1,255,255,255,255,8,0,3,4,19,0,12,0,10,0,6,0,22,0,69,0,200,70,100,150,
390,77,1,37,255,255,255,18,0,2,5,33,0,40,0,23,0,25,0,28,0,56,0,160,120,40,150,
391,87,0,147,255,255,255,120,0,3,9,35,0,27,0,38,0,33,0,54,0,119,0,140,150,40,150,
392,106,0,39,255,255,255,104,0,2,11,35,0,57,0,32,0,54,0,50,0,183,0,140,70,40,150,
393,179,0,117,255,255,255,201,0,2,12,46,0,77,0,36,0,48,0,158,0,136,0,250,40,40,150,
394,40,1,118,126,255,255,227,0,3,13,56,0,76,0,66,0,36,0,51,0,214,0,250,120,40,150,
395,20,0,27,113,255,255,99,0,2,8,38,0,60,0,44,0,26,0,61,0,140,0,240,80,20,150,
396,38,0,4,153,255,255,45,1,3,13,66,0,41,0,68,0,53,0,158,0,119,0,250,40,0,150,
397,36,0,64,113,255,255,108,0,3,13,52,0,71,0,55,0,52,0,70,0,223,0,210,80,20,150,
398,101,0,58,255,255,255,32,1,3,15,64,0,95,0,66,0,60,0,42,0,193,0,200,120,50,150,
399,9,1,7,82,255,255,104,1,7,13,72,0,58,0,58,0,45,0,49,0,99,0,180,40,100,150,
400,83,1,77,101,120,255,160,15,0,38,196,9,140,0,227,0,147,0,189,0,73,0,210,140,20,150,
401,71,0,139,255,255,255,121,1,3,15,80,0,37,0,57,0,61,0,52,0,115,0,140,100,120,100,
402,44,0,111,144,255,255,101,1,3,22,76,0,73,0,79,0,55,0,68,0,3,1,140,30,180,100,
403,90,1,78,137,255,255,177,1,3,19,86,0,51,0,77,0,68,0,67,0,169,0,80,100,120,100,
404,61,1,47,105,255,255,220,1,4,19,106,0,130,0,81,0,67,0,89,0,156,0,90,100,110,100,
405,72,1,37,112,255,255,169,1,5,19,148,0,87,0,70,0,69,0,113,0,148,0,150,70,90,100,
406,167,0,13,53,255,255,78,1,4,20,76,0,78,0,76,0,73,0,89,0,179,0,170,50,30,100,
407,0,1,19,69,255,255,108,1,4,20,82,0,137,0,93,0,68,0,77,0,169,0,180,30,120,100,
408,144,0,91,164,255,255,212,1,4,23,95,0,151,0,83,0,78,0,89,0,166,0,160,140,120,100,
409,213,0,5,113,144,255,206,11,7,18,38,2,50,0,90,0,59,0,109,0,216,0,180,250,40,150,
410,33,1,99,118,120,122,236,9,7,22,144,1,82,0,85,0,60,0,48,0,120,0,250,150,40,150,
411,222,0,8,81,82,255,16,14,7,27,210,0,89,0,105,0,71,0,84,0,211,0,180,45,150,150,
412,224,0,4,11,17,99,20,30,7,27,74,1,89,0,95,0,65,0,92,0,233,0,180,50,50,150,
413,156,0,117,138,146,255,149,5,5,22,165,0,214,0,150,0,70,0,99,0,70,1,200,160,80,100,
414,213,0,5,21,255,255,234,3,5,25,102,0,102,0,165,0,104,0,145,0,46,1,150,10,70,100,
415,33,1,118,122,163,255,152,3,5,27,101,0,150,0,134,0,97,0,97,0,239,0,120,70,100,100,
416,50,1,104,105,255,255,98,5,5,30,145,0,102,0,132,0,128,0,145,0,127,0,200,0,200,100,
417,158,0,92,96,255,255,87,10,5,24,120,0,108,0,112,0,117,0,131,0,217,0,90,80,120,100,
418,216,0,54,144,255,255,29,9,5,29,141,0,138,0,131,0,131,0,135,0,86,1,150,80,140,100,
419,49,0,52,96,255,255,150,8,5,26,189,0,72,0,112,0,126,0,122,0,77,1,230,80,80,100,
420,221,0,5,22,255,255,113,9,5,25,128,0,142,0,100,0,120,0,169,0,73,1,110,100,60,100,
421,8,0,2,38,111,255,248,7,5,30,156,0,77,0,118,0,118,0,148,0,17,1,200,10,10,100,
422,18,0,4,7,255,255,107,162,7,37,20,0,112,1,95,0,231,3,158,2,10,2,170,140,0,100,
423,91,0,44,46,84,255,21,4,5,27,148,0,95,0,115,0,127,0,181,0,216,0,60,120,140,100,
424,77,0,104,120,168,255,146,5,5,32,128,0,179,0,129,0,152,0,150,0,42,1,250,90,40,100,
425,83,0,122,147,255,255,146,7,5,25,138,0,122,0,116,0,99,0,170,0,247,0,100,140,120,100,
426,116,0,57,117,255,255,149,7,5,35,151,0,114,0,136,0,112,0,13,1,236,0,180,60,130,100,
427,121,0,25,255,255,255,152,58,0,30,88,2,119,0,131,0,90,0,110,0,159,0,140,130,130,100,
428,121,0,25,255,255,255,0,0,0,30,149,0,142,0,162,0,160,0,192,0,3,1,80,160,100,100,
429,58,0,98,106,116,255,127,11,5,32,189,0,201,0,136,0,99,0,196,0,220,0,150,140,160,100,
430,220,0,3,6,18,255,194,17,5,40,221,0,118,1,173,0,174,0,178,0,205,1,180,70,180,100,
431,83,1,77,101,120,255,0,0,0,38,210,0,140,0,227,0,147,0,189,0,173,0,180,140,90,150,
432,78,0,12,17,255,255,8,32,7,40,132,3,127,0,236,0,168,0,233,1,34,2,140,80,180,100,
433,120,0,23,73,255,255,100,30,7,40,68,2,131,1,201,0,203,0,92,1,9,2,80,100,200,100,
434,85,1,77,255,255,255,196,34,7,42,238,2,78,2,199,0,228,0,247,0,126,3,190,120,200,100,
435,78,1,69,145,255,255,224,21,7,37,224,1,180,0,191,0,253,0,222,0,234,1,150,50,150,100,
436,69,1,118,120,145,255,68,22,7,39,188,2,140,0,238,0,174,0,247,0,167,1,120,70,180,100,
437,46,1,18,70,148,255,4,41,7,45,176,4,244,1,89,1,23,1,210,0,158,2,100,30,100,100,
438,253,0,69,255,255,255,168,22,7,40,88,2,44,1,21,1,240,0,170,0,244,1,70,50,100,100,
439,99,0,69,161,255,255,112,23,7,37,238,2,24,1,102,1,242,0,198,0,38,2,100,100,100,100,
440,37,1,15,255,255,255,68,97,7,45,208,7,142,1,119,1,1,1,220,0,74,1,200,0,140,100,
441,249,0,74,82,255,255,160,15,7,35,168,2,84,1,160,0,249,0,84,1,188,2,40,80,100,100,
442,237,0,3,99,153,255,16,39,7,48,120,5,238,2,247,0,93,1,154,1,178,2,100,100,140,100,
443,62,0,67,137,255,255,168,22,7,46,222,3,188,2,93,1,23,1,243,0,78,2,150,100,130,100,
444,221,0,23,51,255,255,192,18,7,40,88,2,194,1,201,0,232,0,218,0,44,1,40,90,80,100,
445,57,0,51,61,95,255,232,28,7,42,12,3,188,2,23,1,44,1,43,1,224,1,100,80,100,100,
446,19,0,92,97,147,255,16,39,7,45,20,5,38,2,122,1,214,0,52,1,32,3,70,80,120,100,
447,146,0,97,106,113,255,224,21,7,45,72,3,78,2,33,1,43,1,131,1,138,2,60,150,120,100,
448,40,0,46,113,255,255,68,22,7,40,188,2,84,1,56,1,42,1,17,1,244,1,80,80,80,100,
449,110,0,48,52,255,255,12,23,7,42,132,3,214,1,40,1,74,1,144,1,218,2,90,90,90,100,
450,128,0,120,124,255,255,56,24,7,42,122,3,244,1,45,1,11,1,174,1,168,2,80,100,130,100,
451,152,0,121,122,125,255,212,23,7,37,168,2,174,1,3,1,249,0,240,0,134,1,50,90,80,100,
452,149,0,48,118,140,255,224,21,7,39,22,3,144,1,21,1,3,1,46,1,194,1,90,90,140,100,
453,141,0,40,44,255,255,80,20,7,39,112,3,124,1,243,0,94,1,33,1,254,1,80,80,80,100,
454,225,0,30,40,135,255,112,23,7,43,132,3,94,1,90,1,33,1,190,0,2,3,140,100,140,100,
455,248,0,40,44,54,255,12,23,7,41,188,2,24,1,74,1,72,1,232,0,194,1,100,100,130,100,
456,154,0,19,118,255,255,0,25,7,43,72,3,144,1,44,1,102,1,222,0,148,2,70,60,200,100,
457,64,1,5,96,116,255,168,22,7,44,132,3,114,1,248,0,132,1,33,1,68,2,100,120,100,100,
458,156,0,117,138,146,255,156,24,7,46,20,5,188,2,85,1,17,1,114,1,132,3,90,130,200,100,
459,16,0,30,56,255,255,80,70,7,50,160,15,24,1,73,1,33,1,78,1,32,3,10,150,150,100,
460,59,0,9,82,107,255,16,39,7,48,128,2,8,7,33,1,154,1,73,1,32,3,90,100,120,100,
461,12,0,79,104,144,255,184,36,7,44,188,2,122,1,77,1,22,1,141,1,78,2,200,40,150,100,
462,85,0,98,100,142,255,216,39,7,45,102,3,104,1,116,1,245,0,123,1,32,1,180,70,100,100,
463,89,0,47,101,103,255,84,36,7,45,176,4,164,1,102,1,87,1,201,0,88,2,140,100,120,100,
464,14,0,23,26,38,255,252,33,7,44,138,2,22,3,217,0,71,1,162,1,228,2,80,200,170,100,
465,92,0,24,31,129,255,248,42,7,45,208,2,168,2,60,1,66,1,63,1,32,3,70,200,70,100,
466,81,0,124,158,255,255,96,34,7,44,88,2,124,1,56,1,42,1,161,1,88,2,50,170,100,100,
467,10,0,61,255,255,255,192,43,7,47,88,2,244,1,131,1,43,1,131,1,188,2,120,70,100,100,
468,13,0,106,111,148,255,224,46,7,40,168,2,230,0,9,1,106,1,9,1,194,1,90,170,60,100,
469,18,0,9,21,255,255,244,151,7,40,33,1,188,2,146,0,30,3,176,2,2,3,10,100,90,100,
470,100,0,67,131,144,159,130,210,7,55,222,3,12,3,176,1,122,1,176,2,32,3,200,130,120,150,
471,15,0,125,142,255,255,241,22,4,37,220,0,118,1,187,0,198,0,54,1,89,1,60,80,90,100,
472,58,0,98,106,115,255,84,23,5,37,24,1,248,0,220,0,178,0,3,1,77,1,80,70,100,100,
473,91,0,44,46,84,255,42,22,4,35,140,0,188,0,168,0,84,1,32,1,92,1,60,80,100,100,
474,150,0,48,91,255,255,106,22,4,37,44,1,89,1,175,0,220,0,201,0,82,1,40,40,50,100,
475,141,0,40,44,255,255,123,21,4,34,180,0,164,1,207,0,43,1,230,0,122,1,80,30,100,100,
476,92,0,24,31,255,255,240,23,5,36,54,1,104,1,1,1,236,0,31,1,194,1,90,200,100,100,
477,230,0,80,85,144,255,92,26,5,38,124,1,197,0,45,1,12,1,189,0,71,1,150,100,100,100,
478,186,0,50,79,104,255,0,23,4,35,230,0,4,1,173,0,14,1,43,1,64,1,80,40,60,100,
479,87,0,38,104,140,255,72,38,7,40,244,1,210,0,237,0,32,1,249,0,245,1,80,40,70,100,
480,183,0,48,66,143,255,250,23,5,38,69,1,200,0,248,0,92,1,248,0,104,1,80,30,100,100,
481,142,0,2,114,255,255,204,24,5,37,34,1,214,1,45,1,240,0,64,1,154,1,90,70,90,100,
482,213,0,6,119,158,255,10,105,7,47,220,5,68,2,90,1,54,1,11,1,188,2,90,120,130,100,
483,85,0,98,100,142,255,28,24,5,41,169,1,157,0,64,1,220,0,201,0,67,1,150,70,70,100,
484,217,0,80,101,142,255,112,21,4,42,55,1,245,0,31,1,13,1,68,1,132,1,100,100,100,100,
485,62,1,88,107,108,255,84,23,4,40,91,1,225,0,65,1,219,0,84,1,61,1,130,60,80,100,
486,27,1,2,105,255,255,122,23,5,43,65,1,249,0,43,1,63,1,116,1,222,1,100,70,80,100,
487,3,1,90,117,128,255,88,25,5,42,23,1,233,1,31,1,111,1,71,1,77,2,100,100,100,100,
488,55,1,84,104,111,255,132,26,5,43,122,1,33,1,124,1,232,0,62,1,123,1,110,40,110,100,
489,41,1,40,100,101,150,112,23,7,50,132,3,58,2,145,1,192,1,171,1,158,2,140,90,100,100,
490,41,1,40,100,255,255,232,3,7,50,23,2,205,0,54,1,44,1,64,1,164,1,140,50,60,100,
491,41,1,40,100,255,255,44,1,7,50,210,0,70,0,160,0,200,0,210,0,230,0,140,40,40,100,
492,41,1,40,255,255,255,100,0,7,50,79,0,2,0,82,0,89,0,101,0,38,0,140,0,0,100,
493,4,0,40,96,113,255,31,58,4,44,64,1,43,1,225,0,11,1,22,1,224,1,70,90,110,100,
494,155,0,51,117,118,255,211,53,6,47,113,1,171,1,237,0,68,1,200,0,88,2,80,120,120,100,
495,226,0,94,105,108,255,78,57,6,47,154,1,246,0,103,1,56,1,17,1,38,2,200,30,100,100,
496,39,1,38,42,45,255,18,53,5,44,77,1,134,1,205,0,24,1,92,1,88,2,90,140,130,100,
497,64,1,6,96,115,255,35,52,4,45,54,1,114,1,23,1,243,0,62,1,8,2,100,100,100,100,
498,182,0,140,143,163,255,56,57,4,44,92,1,104,1,11,1,31,1,31,1,18,2,90,140,120,100,
499,180,0,50,56,57,255,166,51,4,46,67,1,223,1,249,0,70,1,56,1,224,1,80,130,150,100,
500,55,0,75,110,112,255,28,62,5,45,182,1,64,1,41,1,122,1,207,0,154,1,100,80,110,100,
501,247,0,70,83,109,255,118,60,5,47,170,1,64,1,41,1,122,1,207,0,194,1,130,100,110,100,
502,254,0,20,95,149,255,211,51,4,44,112,1,18,1,21,1,243,0,122,1,144,1,90,140,120,100,
503,179,0,46,79,117,255,117,53,4,46,41,1,133,1,10,1,68,1,202,1,108,2,80,100,130,100,
504,211,0,8,56,120,255,208,37,7,52,168,2,144,1,101,1,118,1,187,1,188,2,100,130,110,100,
505,13,1,58,255,255,255,152,58,7,55,238,2,44,1,54,1,8,2,124,1,231,3,150,150,150,100,
506,51,1,75,152,159,255,40,35,7,52,20,5,104,1,202,1,12,1,247,0,188,2,120,150,120,100,
507,127,0,131,158,161,255,224,46,7,53,182,3,62,3,78,1,118,1,182,1,188,2,130,150,100,100,
508,21,0,3,56,118,255,0,0,7,43,114,1,178,2,2,1,64,1,94,1,8,2,40,120,210,140,
509,71,0,38,57,84,255,0,0,7,45,144,1,64,1,82,1,54,1,28,1,174,1,130,20,150,140,
510,50,1,105,106,108,255,0,0,7,48,8,2,59,1,154,1,45,1,189,0,28,2,200,120,70,140,
511,219,0,18,55,82,110,194,156,6,93,151,2,121,0,106,2,7,2,231,1,117,2,50,120,120,150,
512,32,1,40,53,95,112,164,156,6,92,34,3,228,0,191,2,145,1,187,1,115,2,90,40,40,150,
513,33,1,3,61,128,143,170,160,6,81,55,3,43,0,88,2,145,1,80,1,253,1,10,200,10,150,
514,48,1,21,67,160,165,213,171,6,93,190,2,126,0,255,1,79,1,55,2,32,2,120,30,200,150,
515,85,1,24,55,136,158,139,167,6,92,110,2,84,0,170,1,146,1,250,1,163,3,70,130,40,150,
516,212,0,32,130,154,163,88,172,6,93,189,2,132,0,37,2,223,1,225,1,228,2,70,130,40,150,
517,23,0,39,124,106,131,0,0,7,50,200,0,182,3,54,1,12,3,72,3,188,2,210,190,220,200,
518,96,0,95,144,18,100,0,0,7,55,176,4,234,1,114,1,224,1,204,1,168,2,220,220,160,200,
519,53,1,74,104,152,255,0,0,7,50,132,3,78,2,174,1,88,2,114,1,188,2,220,220,220,200,
520,56,0,67,70,144,255,0,0,7,52,72,3,74,1,119,1,144,1,43,1,44,1,220,190,200,200,
521,165,0,62,78,161,255,0,0,7,40,98,2,211,1,64,1,124,1,178,0,150,0,200,200,200,200,
522,238,0,98,103,130,159,0,0,7,53,232,3,214,1,164,1,174,1,70,1,194,1,200,140,190,200,
523,214,0,117,118,128,255,92,18,7,47,214,1,102,1,81,1,11,1,102,1,223,1,140,50,170,150,
524,229,0,75,105,150,255,196,34,7,46,68,2,210,0,193,1,237,0,129,0,32,1,200,10,30,150,
525,25,1,117,118,128,255,244,26,7,48,18,2,31,3,146,1,171,1,92,1,8,2,70,80,200,150,
526,9,1,44,45,135,255,128,37,7,52,244,1,64,1,131,1,22,1,248,0,194,1,70,140,40,150,
527,7,1,18,79,107,255,32,78,7,54,32,3,48,2,169,1,93,1,132,1,78,2,150,30,160,150,
528,32,1,100,104,147,255,80,30,7,58,2,3,224,1,191,1,167,1,22,1,48,2,200,20,100,150,
529,37,1,85,110,157,255,188,52,7,56,20,5,58,2,232,1,61,1,91,1,88,2,180,10,170,150,
530,35,1,130,132,158,255,112,23,7,58,158,2,168,2,84,1,56,2,203,1,188,2,70,200,200,150,
531,227,0,9,25,101,255,120,30,7,53,168,2,234,1,122,1,103,1,111,1,78,2,130,200,170,150,
532,31,1,12,55,127,255,120,30,7,51,68,2,12,3,34,1,233,1,188,1,168,2,30,200,200,150,
533,88,1,77,31,28,255,120,30,7,54,12,3,112,3,101,1,199,1,72,1,188,2,70,210,170,150,
534,77,1,38,57,127,255,65,18,4,44,72,1,245,0,32,1,123,1,229,0,154,1,60,120,150,100,
535,5,0,18,35,79,255,115,16,4,45,248,0,102,0,241,0,143,1,92,1,184,1,200,40,80,100,
536,74,1,85,94,100,255,113,18,4,46,102,1,74,1,64,1,43,1,65,1,134,1,150,150,30,100,
537,253,0,69,132,255,255,20,17,7,43,34,1,54,1,58,1,68,1,101,1,244,1,30,20,200,100,
538,47,1,2,19,255,255,12,23,7,45,144,1,234,1,104,1,58,1,234,1,194,1,110,40,140,100,
539,23,0,12,107,128,145,176,154,7,48,88,2,200,0,154,1,91,3,64,1,160,0,20,80,140,150,
540,129,0,62,131,72,255,200,25,7,99,172,13,8,2,198,2,28,2,250,0,74,1,170,30,130,150,
541,59,0,25,77,134,142,132,28,7,46,220,5,210,0,88,2,88,2,44,1,255,0,90,140,100,150,
542,124,0,3,38,80,108,212,38,6,58,120,1,33,1,72,1,251,0,107,1,231,1,150,40,30,150,
543,131,0,9,74,117,159,124,41,6,59,222,1,180,0,11,1,92,1,180,1,166,2,170,80,150,150,
544,123,0,51,70,83,161,212,38,6,57,126,1,182,1,39,1,0,1,214,1,78,2,90,170,60,150,
545,247,0,52,71,86,119,61,37,6,59,221,1,120,1,159,1,231,0,196,1,222,1,130,110,160,150,
546,231,0,6,38,59,100,206,44,6,55,255,1,209,1,68,1,54,1,126,1,136,2,140,10,120,150,
547,97,0,48,55,89,104,231,43,6,56,22,2,100,0,119,1,13,1,95,1,155,2,100,140,30,150,
548,63,0,82,87,107,126,10,39,6,53,181,1,182,1,132,1,178,0,82,1,25,2,190,120,140,150,
549,81,0,42,113,122,146,104,36,6,59,131,1,107,1,65,1,16,1,102,1,65,2,130,140,100,150,
550,92,0,25,45,85,123,89,37,6,54,113,1,80,0,96,1,83,1,162,1,162,2,250,200,20,150,
551,116,0,28,42,46,155,5,37,6,57,90,1,72,1,42,1,130,1,52,1,92,1,70,140,180,150,
552,5,1,66,92,127,158,128,36,6,56,103,1,161,1,55,1,20,1,37,1,222,1,150,150,40,150,
553,36,1,57,84,104,148,207,37,6,59,202,1,35,2,138,1,82,1,62,1,31,2,160,160,160,150,
554,81,1,52,81,116,125,186,52,6,61,243,1,133,1,145,1,3,1,29,1,82,1,180,10,40,150,
555,51,1,31,93,108,157,159,48,6,63,77,2,211,1,172,1,5,1,82,1,64,2,250,180,80,150,
556,212,0,76,91,120,133,200,40,6,62,181,1,110,0,82,1,61,1,143,1,100,2,30,140,150,150,
557,193,0,49,90,96,106,146,39,6,63,220,1,143,1,122,1,15,1,197,1,19,2,160,70,90,150,
558,151,0,33,88,105,116,81,41,6,65,216,1,166,1,120,1,64,1,92,1,25,2,50,180,120,150,
559,187,0,18,44,55,109,136,39,6,63,111,1,233,1,68,1,81,1,109,1,75,2,80,110,180,150,
560,89,0,19,58,79,94,249,40,6,64,25,2,105,0,159,1,53,1,73,1,22,2,200,140,130,150,
561,21,0,15,60,101,138,254,56,6,67,211,1,120,2,102,1,65,1,204,1,120,2,120,140,130,150,
562,47,0,66,108,146,152,6,44,6,64,15,2,190,1,182,1,6,1,44,1,93,1,30,30,60,150,
563,58,0,73,110,124,155,44,41,6,65,45,2,90,0,131,1,21,1,171,1,202,1,140,80,170,150,
564,60,0,24,40,102,130,173,61,6,66,115,2,75,0,191,1,54,1,30,2,166,2,200,200,180,150,
565,95,0,36,49,75,134,103,44,6,64,126,2,98,0,162,1,173,1,55,1,231,1,180,130,180,150,
566,107,0,29,65,69,137,167,48,6,67,11,2,80,0,151,1,124,1,102,1,255,1,170,120,150,150,
567,154,0,19,44,98,125,165,52,6,68,233,1,221,1,132,1,100,1,92,1,25,2,100,150,170,150,
568,160,0,56,74,95,126,31,48,6,65,51,2,170,1,103,1,109,1,86,1,66,2,140,130,160,150,
569,183,0,9,53,97,109,186,44,6,67,211,1,11,2,118,1,165,1,117,1,243,1,110,140,120,150,
570,192,0,38,45,74,142,131,53,6,65,190,1,30,0,136,1,189,1,36,1,66,2,90,70,80,150,
571,222,0,21,85,107,131,84,66,6,71,165,2,98,0,220,1,126,1,125,1,137,2,170,130,80,150,
572,220,0,18,50,57,89,172,61,6,73,74,2,166,2,122,1,108,1,90,1,124,2,40,120,130,150,
573,232,0,55,63,80,101,116,63,6,73,138,2,60,0,190,1,160,1,103,1,23,2,200,10,200,150,
574,6,1,44,94,145,155,127,62,6,74,134,2,77,2,210,1,177,1,44,1,43,2,170,160,130,150,
575,11,1,19,48,100,117,253,65,6,73,126,2,30,0,202,1,158,1,100,1,77,2,190,180,190,150,
576,45,1,34,62,140,149,52,83,6,77,234,2,48,0,244,1,195,1,92,1,87,2,170,190,160,150,
577,52,1,38,77,129,150,132,78,6,78,217,2,100,0,152,1,5,2,21,1,76,2,20,70,80,150,
578,72,1,48,77,105,112,166,77,6,76,185,2,45,0,131,1,204,1,140,1,6,2,170,110,30,150,
579,85,1,45,59,98,119,48,82,6,78,204,2,55,0,204,1,125,1,167,1,156,2,100,180,130,150,
580,19,0,12,52,102,156,89,80,6,79,226,2,58,0,152,1,134,1,138,1,166,2,180,90,140,150,
581,14,0,6,42,79,128,132,78,6,82,11,3,136,0,159,1,181,1,114,1,147,2,140,40,120,150,
582,41,0,55,103,130,135,139,83,6,84,251,2,97,0,126,2,225,1,217,1,134,2,200,130,120,150,
583,56,0,12,71,138,152,191,91,6,83,9,3,72,1,161,2,109,2,154,1,76,2,200,170,180,150,
584,98,0,44,79,85,98,3,92,6,83,247,2,172,1,149,2,190,1,26,2,122,2,190,120,100,150,
585,122,0,18,48,101,122,13,96,6,85,227,2,143,1,115,2,214,1,7,2,110,2,150,180,40,150,
586,196,0,46,105,146,147,13,96,6,86,216,2,167,0,77,2,24,2,153,1,135,2,130,150,190,150,
587,226,0,45,59,75,110,173,91,6,85,245,2,89,0,130,2,219,1,202,1,126,2,190,20,90,150,
588,248,0,35,57,90,116,187,87,6,86,217,2,20,0,100,2,151,1,190,1,178,2,60,130,140,150,
589,42,1,15,31,98,127,174,104,6,87,255,2,120,0,136,2,138,2,246,1,176,2,190,250,0,150,
590,53,1,73,104,129,132,18,135,6,86,70,3,138,0,159,2,14,2,3,2,154,2,200,200,200,150,
591,8,1,9,18,24,57,66,147,6,88,44,3,173,2,115,2,73,1,165,1,228,2,100,200,200,150,
592,0,0,0,0,0,0,0,0,0,0,0,0,0,0,0,0,0,0,0,0,0,0,0,0,0,0,
593,0,0,0,0,0,0,0,0,0,0,0,0,0,0,0,0,0,0,0,0,0,0,0,0,0,0,
594,0,0,0,0,0,0,0,0,0,0,0,0,0,0,0,0,0,0,0,0,0,0,0,0,0,0,
595,0,0,0,0,0,0,0,0,0,0,0,0,0,0,0,0,0,0,0,0,0,0,0,0,0,0,
596,0,0,0,0,0,0,0,0,0,0,0,0,0,0,0,0,0,0,0,0,0,0,0,0,0,0,
597,0,0,0,0,0,0,0,0,0,0,0,0,0,0,0,0,0,0,0,0,0,0,0,0,0,0,
598,0,0,0,0,0,0,0,0,0,0,0,0,0,0,0,0,0,0,0,0,0,0,0,0,0,0,
599,0,0,0,0,0,0,0,0,0,0,0,0,0,0,0,0,0,0,0,0,0,0,0,0,0,0,
600,0,0,0,0,0,0,0,0,0,0,0,0,0,0,0,0,0,0,0,0,0,0,0,0,0,0,
601,0,0,0,0,0,0,0,0,0,0,0,0,0,0,0,0,0,0,0,0,0,0,0,0,0,0,
602,0,0,0,0,0,0,0,0,0,0,0,0,0,0,0,0,0,0,0,0,0,0,0,0,0,0,
603,0,0,0,0,0,0,0,0,0,0,0,0,0,0,0,0,0,0,0,0,0,0,0,0,0,0,
604,0,0,0,0,0,0,0,0,0,0,0,0,0,0,0,0,0,0,0,0,0,0,0,0,0,0,
605,0,0,0,0,0,0,0,0,0,0,0,0,0,0,0,0,0,0,0,0,0,0,0,0,0,0,
606,0,0,0,0,0,0,0,0,0,0,0,0,0,0,0,0,0,0,0,0,0,0,0,0,0,0,
607,0,0,0,0,0,0,0,0,0,0,0,0,0,0,0,0,0,0,0,0,0,0,0,0,0,0,
608,0,0,0,0,0,0,0,0,0,0,0,0,0,0,0,0,0,0,0,0,0,0,0,0,0,0,
609,0,0,0,0,0,0,0,0,0,0,0,0,0,0,0,0,0,0,0,0,0,0,0,0,0,0,
610,0,0,0,0,0,0,0,0,0,0,0,0,0,0,0,0,0,0,0,0,0,0,0,0,0,0,
611,0,0,0,0,0,0,0,0,0,0,0,0,0,0,0,0,0,0,0,0,0,0,0,0,0,0,
612,0,0,0,0,0,0,0,0,0,0,0,0,0,0,0,0,0,0,0,0,0,0,0,0,0,0,
613,0,0,0,0,0,0,0,0,0,0,0,0,0,0,0,0,0,0,0,0,0,0,0,0,0,0,
614,0,0,0,0,0,0,0,0,0,0,0,0,0,0,0,0,0,0,0,0,0,0,0,0,0,0,
