index, u0, u1, Family, u3, u4, u5, u6, u7, MAX LVL, XP Type, sk0, sk1, sk2, idk, HP, MP, ATK, DEF, SPD, INT,Blaze, Fireball, Bang, Infernos, Lightning, Icebolt, Surround, Sleep, Beat, RobMagic, Stopspell, Panic, Sap, Slow, Sacrifice, MegaMagic, FireAir, FrigidAir, PoisonAir, Paralyze, Curse, LureDance, DanceShut, MouthShut, RockThrow, GigaSlash, Geyser
1,0,0,Slime,2,0,0,4,0,45,13,59,64,137,0,16,10,13,8,20,16,1,1,1,0,0,0,2,2,2,2,2,2,2,2,3,2,2,1,0,1,0,0,0,0,0,0,0
2,79,0,Slime,2,0,0,3,0,35,10,78,139,158,0,17,1,17,4,17,8,0,0,0,0,0,0,2,2,2,2,2,2,3,3,2,2,0,0,0,0,0,1,1,1,1,1,0
3,65,0,Slime,2,1,0,4,1,35,10,72,98,153,0,13,2,11,11,24,8,0,0,0,1,1,0,2,2,2,2,2,2,2,2,2,2,0,0,0,0,0,1,1,1,1,1,0
4,68,0,Slime,2,0,0,4,0,50,11,39,96,113,0,13,11,8,14,17,17,0,0,0,1,1,0,2,2,2,3,3,2,2,2,2,2,0,0,0,0,0,1,1,1,0,0,2
5,75,0,Slime,2,0,0,3,0,35,8,16,35,78,0,11,10,17,20,20,8,0,0,0,0,0,0,2,3,2,2,3,2,2,2,2,2,0,0,1,1,1,0,0,0,1,1,2
6,78,0,Slime,2,0,0,4,0,40,15,22,37,86,0,14,1,15,14,20,14,1,1,1,1,1,1,2,2,3,2,2,2,2,2,3,2,1,0,0,1,0,0,0,0,0,0,0
7,78,0,Slime,2,0,0,4,0,45,12,46,95,128,0,17,7,17,8,14,13,0,0,0,0,0,0,3,3,3,2,2,3,2,2,2,2,0,0,3,1,1,0,0,0,0,0,1
8,74,0,Slime,2,0,0,3,0,50,11,1,37,111,0,11,10,14,19,14,13,0,0,1,0,0,1,2,2,3,2,2,2,2,2,3,2,0,1,0,0,0,0,0,0,0,0,0
9,72,0,Slime,2,0,0,4,0,40,10,37,104,127,1,10,16,8,22,14,9,0,0,0,0,0,1,2,2,2,2,2,2,2,2,2,2,0,1,0,0,0,0,0,0,0,0,2
10,70,0,Slime,2,0,0,1,0,40,16,4,61,127,0,22,11,14,17,11,13,0,0,0,0,0,0,2,2,2,2,2,2,2,2,2,2,0,0,0,0,0,0,0,0,0,0,0
11,70,0,Slime,2,0,0,3,0,50,11,22,25,37,0,11,15,11,11,20,18,0,0,0,1,1,0,2,2,2,3,3,2,2,2,2,2,0,0,0,0,0,1,2,2,0,0,0
12,78,0,Slime,2,0,0,5,0,35,10,78,104,144,0,25,1,18,13,20,13,0,0,0,0,0,0,2,2,3,2,2,2,3,3,3,2,0,0,0,1,0,1,1,1,1,1,0
13,84,0,Slime,2,0,0,5,0,45,11,106,111,148,3,13,10,14,23,16,14,0,0,1,0,0,2,2,2,3,2,2,2,2,2,3,2,0,2,0,0,1,0,0,0,0,0,0
14,81,0,Slime,2,0,0,5,0,50,11,74,101,150,0,18,11,20,15,14,13,1,1,0,1,2,1,2,2,3,2,2,3,2,2,3,2,1,1,0,1,0,0,0,0,0,0,0
15,87,0,Slime,3,0,0,4,0,35,10,125,141,162,0,15,7,14,8,21,15,0,0,0,0,0,0,2,2,2,2,2,2,3,3,2,2,0,0,0,0,0,2,1,1,2,1,1
16,76,0,Slime,2,0,0,6,0,45,12,27,56,30,0,18,14,15,14,20,15,1,1,1,1,1,1,3,2,3,2,2,3,3,3,3,2,1,1,1,1,1,1,1,1,1,1,1
17,103,0,Slime,1,0,1,6,0,20,25,1,16,19,0,0,30,11,30,31,13,3,3,3,3,3,3,3,3,3,3,3,3,3,3,3,1,3,3,3,3,3,0,0,0,3,0,3
18,200,0,Slime,1,0,1,6,0,35,27,4,7,21,0,0,30,14,31,31,15,3,3,3,3,3,3,3,3,3,3,3,3,3,3,3,2,3,3,3,3,3,0,0,0,3,0,3
19,188,2,Slime,3,0,0,6,0,45,9,92,97,147,0,18,11,18,11,20,15,1,1,1,0,0,1,3,2,3,2,2,3,3,3,3,2,1,1,0,1,0,2,2,2,2,2,1
20,103,0,Slime,2,0,0,5,0,40,14,27,113,139,0,15,20,19,9,14,15,1,1,0,0,0,0,2,2,2,2,2,2,2,2,2,2,1,2,0,0,0,0,0,0,0,0,1
21,78,0,Slime,2,0,0,4,0,40,17,52,143,161,0,10,12,8,19,20,17,1,1,1,1,0,1,1,2,2,2,2,2,2,2,2,2,1,1,1,1,1,0,0,0,0,0,1
22,85,0,Slime,2,1,0,5,1,35,16,47,156,160,2,9,20,11,13,12,22,0,0,0,0,0,0,2,2,2,2,2,2,2,2,2,2,0,0,0,0,2,2,2,2,1,0,0
23,82,0,Slime,1,0,1,6,0,55,29,13,53,63,0,0,31,15,31,31,18,3,3,3,3,3,3,3,3,3,3,3,3,3,3,3,2,3,3,3,3,3,0,0,0,3,1,3
24,132,3,Slime,1,0,0,6,0,70,31,60,62,129,3,0,31,19,31,31,18,3,3,3,3,3,3,3,3,3,3,3,3,3,3,3,2,3,3,3,3,3,1,1,1,3,2,3
25,156,0,Slime,2,0,0,6,0,80,30,32,138,166,2,25,29,27,31,6,31,3,3,3,3,3,3,1,1,3,3,3,3,3,3,3,2,3,3,3,2,3,2,2,2,2,3,2
26,167,0,Slime,2,0,0,1,0,40,4,21,53,60,0,8,13,11,19,11,20,1,1,1,2,1,2,1,2,3,1,0,3,0,0,0,0,2,1,2,2,2,2,2,2,1,1,3
27,77,0,Slime,0,0,0,7,0,0,0,255,255,255,0,0,0,0,0,0,0,1,1,0,0,0,0,2,2,2,2,2,2,3,3,2,2,2,2,0,0,0,1,1,1,1,1,2
28,0,0,Dragon,2,0,0,4,0,30,7,64,113,149,0,10,3,17,2,5,5,1,2,2,0,0,2,1,1,1,1,1,1,1,1,3,1,2,0,0,0,0,0,0,0,0,0,0
29,48,0,Dragon,2,0,0,4,0,35,17,53,54,74,3,15,11,18,6,7,13,2,2,2,0,0,0,0,0,0,0,0,0,1,1,2,0,2,1,0,0,0,1,1,1,1,1,1
30,63,0,Dragon,2,1,0,3,1,35,16,4,72,153,2,14,11,18,2,20,4,2,2,2,1,1,0,0,0,0,0,0,0,0,0,2,0,2,0,0,0,0,1,1,1,1,1,0
31,58,0,Dragon,2,1,0,4,1,50,18,21,32,110,2,17,15,13,11,7,18,2,2,2,1,1,0,0,0,0,1,1,0,0,0,2,0,2,0,0,0,0,1,1,1,0,0,0
32,67,0,Dragon,3,1,0,3,1,30,15,46,113,139,0,9,13,17,16,14,4,2,2,2,0,0,0,0,1,0,0,0,1,0,0,2,0,2,0,1,1,1,0,0,0,1,1,0
33,60,0,Dragon,2,0,0,4,0,45,20,93,103,107,5,17,10,19,13,5,16,0,2,2,1,1,1,1,0,2,0,0,1,0,0,3,0,2,0,0,1,2,0,0,0,0,0,0
34,67,0,Dragon,2,0,0,3,0,45,19,95,115,139,0,21,16,15,13,7,1,0,0,0,0,0,0,1,1,1,0,0,1,0,0,2,0,2,0,2,1,1,0,0,0,0,0,1
35,62,0,Dragon,2,0,0,4,0,50,20,92,101,150,5,9,3,23,6,1,5,1,1,1,0,0,1,1,1,1,0,0,0,0,0,3,0,2,1,1,0,1,1,0,0,0,0,1
36,49,0,Dragon,2,0,0,4,0,35,16,39,111,144,0,11,2,19,13,7,5,2,2,2,0,0,0,0,0,1,0,0,0,0,0,3,0,2,0,0,0,0,0,0,0,0,0,1
37,51,0,Dragon,2,0,0,3,0,40,20,64,80,157,0,17,1,20,16,7,4,2,2,2,0,0,0,0,2,0,0,0,1,0,0,2,0,2,0,0,0,0,0,0,0,0,0,1
38,56,0,Dragon,2,0,0,3,0,35,16,78,111,126,0,14,8,17,14,18,10,0,0,0,1,1,0,0,0,1,0,0,1,0,0,2,0,2,0,0,1,2,2,1,2,1,1,1
39,67,0,Dragon,2,0,0,5,0,35,19,107,108,122,0,19,0,21,5,8,0,1,1,0,0,0,0,0,1,0,0,0,0,1,1,2,0,2,0,0,0,1,2,2,1,2,2,1
40,62,0,Dragon,2,1,0,4,1,35,17,81,90,95,2,14,2,17,16,15,5,2,2,2,2,2,0,0,2,0,0,0,1,0,0,2,0,2,1,0,0,0,0,2,1,2,1,1
41,69,0,Dragon,2,0,0,4,0,40,19,52,96,114,0,17,18,11,6,8,13,1,2,2,0,0,0,0,0,2,1,0,3,0,0,3,0,3,0,0,0,0,0,0,0,0,0,1
42,61,0,Dragon,2,1,0,3,1,30,16,4,39,64,0,11,11,17,17,13,5,1,2,2,0,0,0,0,1,0,0,0,1,0,0,2,0,3,0,1,1,1,0,0,0,1,1,0
43,60,0,Dragon,2,0,0,5,0,50,22,10,46,115,5,21,15,19,17,19,12,2,2,2,0,0,0,0,2,2,2,0,2,0,0,2,0,2,2,0,0,0,1,1,1,0,0,1
44,85,0,Dragon,2,0,0,3,0,40,20,95,117,121,0,18,8,16,13,19,11,1,2,2,0,0,0,1,1,1,1,1,1,1,1,3,1,2,0,2,0,2,0,0,0,0,0,1
45,73,0,Dragon,2,1,0,3,1,35,8,10,78,99,2,14,7,10,8,19,8,1,2,2,1,0,0,1,1,1,0,0,0,0,1,2,0,2,0,1,0,1,1,0,0,0,0,0
46,55,0,Dragon,2,1,0,3,1,35,7,75,139,167,2,10,9,21,15,9,8,2,2,2,1,1,0,0,2,0,0,1,0,0,0,2,0,1,0,0,0,0,0,0,0,0,0,0
47,56,0,Dragon,2,0,0,4,0,35,19,75,110,112,3,20,8,19,24,1,2,2,2,2,0,0,0,0,1,1,0,0,1,0,0,3,0,2,0,1,1,1,0,0,0,1,1,1
48,69,0,Dragon,2,0,0,6,0,60,23,68,83,157,2,21,5,23,14,16,11,2,3,2,1,1,1,1,2,3,1,1,2,1,1,3,0,3,1,1,3,1,1,1,1,1,1,1
49,100,0,Dragon,2,0,0,1,0,35,18,51,59,95,0,14,4,15,5,19,8,2,2,2,1,1,0,0,0,0,0,0,0,0,0,2,0,2,0,0,0,0,2,2,1,1,1,1
50,59,0,Dragon,2,0,0,3,0,45,20,98,106,115,0,15,8,20,17,14,11,3,3,2,1,1,0,0,0,2,0,1,0,0,0,3,0,3,0,0,0,0,2,2,1,1,1,0
51,78,0,Dragon,2,0,0,5,0,60,23,7,82,107,0,25,14,20,22,18,14,2,2,2,1,1,1,1,2,2,1,1,1,1,1,3,1,3,1,1,1,1,2,2,1,1,1,2
52,108,0,Dragon,1,0,0,6,0,60,22,64,80,99,0,24,13,24,21,11,8,2,2,2,1,1,1,2,2,2,1,1,3,1,1,3,0,3,1,2,2,2,1,1,1,1,1,2
53,108,0,Dragon,2,0,0,5,0,60,22,64,94,107,5,23,16,26,20,17,16,2,2,2,2,2,1,1,2,2,1,1,1,1,1,3,0,3,1,1,2,1,1,1,1,1,1,1
54,109,0,Dragon,3,1,0,6,1,40,18,64,102,137,2,15,11,20,14,18,8,0,0,0,2,2,1,1,2,2,1,1,1,1,1,3,0,3,1,1,2,1,2,2,2,2,2,1
55,97,0,Dragon,2,0,0,5,0,55,24,84,90,101,0,23,7,24,21,18,8,2,2,2,1,1,0,2,2,2,1,1,2,1,1,3,0,2,0,1,1,1,1,1,1,2,2,2
56,103,0,Dragon,2,1,0,6,1,70,28,62,68,159,2,26,25,28,24,20,23,2,3,3,2,2,2,2,2,3,2,2,3,2,2,3,1,3,2,2,3,2,2,2,2,2,2,1
57,150,0,Dragon,2,0,0,6,0,75,29,45,110,148,3,25,24,28,25,21,24,3,3,3,2,2,1,2,2,3,2,2,3,2,2,3,0,3,2,2,2,2,2,2,2,2,2,2
58,153,0,Dragon,1,0,0,6,1,70,24,64,75,108,3,30,24,29,12,6,11,0,0,0,0,0,0,2,2,1,1,1,1,1,1,3,1,2,0,3,2,2,1,1,2,2,2,1
59,122,0,Beast,2,0,0,4,0,40,12,97,113,139,0,14,5,15,12,11,16,0,0,0,0,0,0,1,1,1,1,1,1,3,3,1,1,0,0,0,0,0,2,2,2,2,2,1
60,68,0,Beast,3,0,0,3,0,45,13,47,104,110,0,18,5,14,9,15,4,1,1,1,0,0,0,0,0,0,0,0,0,2,2,1,0,1,0,0,0,0,2,2,2,2,2,1
61,59,0,Beast,2,1,0,4,1,35,10,43,51,118,0,11,10,13,8,18,14,0,0,0,1,1,0,0,0,1,0,0,1,2,2,0,0,0,0,0,1,1,3,3,3,3,3,0
62,64,0,Beast,2,0,0,4,0,35,11,43,111,125,0,14,17,8,8,19,13,0,0,0,1,1,0,0,0,0,1,1,0,2,2,0,0,0,0,0,0,0,3,3,3,2,2,1
63,68,0,Beast,2,0,0,3,0,40,9,37,105,114,0,16,5,9,17,0,13,0,0,0,0,0,0,0,1,0,0,0,1,2,2,0,0,0,0,1,1,1,2,2,2,3,3,1
64,58,0,Beast,2,0,0,4,0,45,13,108,111,144,0,24,1,26,13,7,1,1,1,1,1,1,1,0,0,1,0,0,0,2,2,1,0,0,0,0,0,0,2,2,2,2,2,1
65,71,0,Beast,2,0,0,4,0,45,12,104,120,168,0,14,10,11,8,16,2,0,0,0,0,0,0,1,1,1,0,0,1,2,2,1,0,0,0,1,1,1,2,2,2,2,2,1
66,60,0,Beast,2,0,0,4,0,50,12,10,16,81,2,13,20,13,15,15,13,0,0,0,2,0,1,0,0,1,0,0,0,2,2,1,0,0,1,0,0,0,2,2,2,2,2,1
67,72,0,Beast,2,0,0,3,0,40,14,16,104,145,0,22,8,8,21,10,7,0,0,0,1,0,2,0,0,0,0,0,0,2,2,1,0,0,1,0,0,0,2,2,2,2,2,2
68,68,0,Beast,2,0,0,2,0,40,8,94,98,139,0,14,7,17,11,9,11,0,0,0,0,0,0,0,0,0,0,0,0,2,2,0,0,0,0,0,0,0,2,2,2,2,2,1
69,56,0,Beast,2,0,0,4,0,45,9,121,124,158,0,18,7,13,12,11,7,0,0,0,0,0,0,1,2,1,0,0,2,2,2,0,0,0,0,1,1,1,2,2,2,2,2,1
70,67,0,Beast,2,0,0,4,0,45,10,57,148,151,3,18,5,17,23,2,11,1,1,1,0,0,1,0,0,0,0,0,0,2,2,1,0,2,2,0,0,0,2,2,2,2,2,1
71,71,0,Beast,2,0,0,3,0,35,9,122,147,168,0,14,11,16,14,20,8,0,0,0,1,1,0,0,0,1,0,0,1,2,2,0,0,0,0,0,0,0,3,3,3,3,3,1
72,72,0,Beast,2,0,0,3,0,50,11,104,107,112,3,17,19,17,11,17,10,0,0,0,1,1,0,0,0,0,2,2,0,2,2,0,0,0,0,0,0,0,3,3,3,2,2,1
73,79,0,Beast,1,0,0,5,0,45,14,98,99,141,0,20,0,27,7,9,1,1,1,1,1,1,1,0,0,1,0,0,0,2,2,1,0,0,0,0,0,0,3,2,2,3,2,1
74,66,0,Beast,2,0,0,5,0,40,13,16,83,144,0,18,11,15,9,10,8,1,1,1,1,1,2,0,0,1,0,0,0,2,2,1,0,0,3,0,0,0,2,2,2,2,2,1
75,72,0,Beast,2,1,0,4,1,40,5,1,78,147,0,9,7,21,19,13,14,0,0,0,0,0,0,0,1,0,0,0,0,2,2,0,0,0,0,0,0,1,2,2,2,2,2,0
76,64,0,Beast,2,1,0,4,1,40,13,46,113,132,2,22,13,18,15,20,8,0,0,0,0,0,0,0,0,1,1,1,0,2,2,0,0,0,0,0,0,1,2,2,2,2,2,0
77,75,0,Beast,2,0,0,5,0,40,8,47,101,103,5,21,4,22,14,8,6,0,0,0,1,0,0,0,2,1,0,0,0,2,2,1,0,0,1,0,0,0,2,2,2,2,2,0
78,67,0,Beast,2,0,0,3,0,40,12,87,91,166,0,14,13,17,9,8,11,1,1,0,0,0,1,0,0,2,0,0,0,2,2,2,0,1,1,0,0,0,2,2,2,2,2,1
79,66,0,Beast,3,1,0,4,1,45,11,43,46,84,0,12,5,13,14,17,7,1,1,1,0,0,1,0,1,0,0,0,1,2,2,1,0,1,1,0,0,0,2,2,2,2,2,1
80,64,0,Beast,2,0,0,5,0,50,14,22,30,167,2,19,21,14,13,12,25,0,0,0,0,0,0,1,2,2,1,1,2,3,3,1,1,0,2,0,1,1,3,2,2,3,2,2
81,99,0,Beast,2,0,0,4,0,40,11,4,43,113,0,19,9,17,13,17,3,0,1,1,0,0,2,1,1,1,1,1,1,3,3,1,1,1,2,0,0,0,2,2,2,2,2,1
82,80,0,Beast,2,0,0,5,0,35,13,109,125,167,0,13,1,20,10,8,4,0,0,0,1,1,0,0,0,1,0,0,0,2,2,1,0,0,0,0,0,0,3,3,3,3,3,1
83,64,0,Beast,2,0,0,5,0,50,14,110,126,144,3,17,8,21,17,14,13,0,1,1,1,1,1,0,0,2,0,0,1,2,3,1,0,0,1,0,0,0,3,3,3,3,3,1
84,88,0,Beast,1,0,0,6,0,60,15,4,68,99,0,20,14,24,23,17,14,1,1,1,2,2,1,1,1,3,1,1,2,3,3,3,1,1,2,1,2,1,3,3,3,3,3,1
85,124,0,Beast,2,0,0,5,0,50,13,47,51,105,0,17,4,19,18,10,12,1,1,0,0,0,1,1,2,3,1,3,1,3,3,3,1,1,1,0,2,1,3,3,3,3,3,1
86,100,0,Beast,2,0,0,5,0,40,12,81,98,141,0,15,7,18,14,17,11,1,1,1,0,0,1,0,1,3,0,0,0,2,2,3,0,1,1,0,1,0,3,2,2,2,2,1
87,83,0,Beast,2,0,0,4,0,40,11,16,68,161,0,14,8,14,11,7,9,1,1,1,1,1,1,0,1,3,0,2,0,2,2,3,0,0,0,0,1,0,2,2,2,2,2,1
88,72,0,Beast,2,0,0,6,0,65,29,7,108,128,0,29,28,30,24,24,6,2,2,2,1,1,2,2,2,2,2,2,1,3,3,3,1,1,2,2,1,1,3,3,2,2,2,2
89,144,0,Beast,2,0,0,3,0,40,4,1,46,58,0,7,6,10,4,6,15,0,0,0,0,0,0,1,0,2,1,2,2,1,1,0,0,0,0,0,2,3,0,3,0,0,0,0
90,61,0,Beast,2,0,0,4,0,45,7,94,101,109,5,15,10,9,8,14,7,0,0,1,0,0,2,2,1,3,0,0,1,2,2,1,0,1,2,1,1,1,3,1,2,2,2,1
91,73,0,Bird,2,0,0,4,0,40,4,39,46,88,0,11,12,14,8,18,13,0,0,0,2,2,0,1,1,1,1,1,1,1,1,1,1,0,0,0,0,0,2,2,2,2,2,0
92,68,0,Bird,2,1,0,4,1,45,6,22,47,68,2,17,13,19,11,16,20,1,1,1,2,2,0,0,0,0,0,0,0,0,0,1,0,1,0,0,0,0,2,2,2,2,2,0
93,76,0,Bird,2,0,0,4,0,35,5,89,104,111,0,14,8,17,9,6,4,0,0,0,2,2,0,0,0,0,0,0,0,1,1,0,0,0,0,0,0,0,3,3,3,3,3,0
94,59,0,Bird,2,1,0,3,1,50,5,41,86,160,0,6,18,12,3,21,19,0,0,0,3,3,0,0,0,0,1,1,0,0,0,0,0,0,0,0,0,0,3,3,3,2,2,0
95,67,0,Bird,2,1,0,5,1,30,3,47,52,117,0,11,11,9,12,18,7,0,0,0,2,2,0,0,1,0,0,0,1,0,0,0,0,0,0,1,1,1,2,2,2,3,3,0
96,67,0,Bird,2,0,0,4,0,40,4,10,39,81,0,9,7,20,14,23,13,1,1,1,3,3,1,0,0,1,0,0,0,0,0,1,0,0,0,0,0,0,2,2,2,2,2,1
97,75,0,Bird,2,1,0,4,1,40,5,106,153,168,0,6,14,17,12,18,5,0,0,0,2,2,0,1,1,1,0,0,1,0,0,0,0,0,0,1,1,1,2,2,2,2,2,0
98,63,0,Bird,2,1,0,4,1,50,5,56,128,166,2,12,17,8,15,22,13,0,0,0,2,2,1,0,0,1,0,0,0,0,0,1,0,0,1,0,0,0,2,2,2,2,2,1
99,72,0,Bird,2,1,0,5,1,40,12,36,98,155,0,7,8,6,13,14,19,0,0,0,2,2,2,0,0,1,0,0,0,0,0,1,0,0,2,0,0,0,2,2,2,2,2,2
100,65,0,Bird,2,1,0,2,1,50,2,33,47,50,0,11,4,8,13,17,11,0,0,0,2,2,0,0,0,0,0,0,0,0,0,0,0,0,0,0,0,0,2,2,2,2,2,0
101,52,0,Bird,2,1,0,4,1,40,5,57,117,153,2,13,8,8,7,9,1,0,0,0,2,2,0,1,1,1,0,0,1,0,0,0,0,0,0,0,1,1,2,2,2,2,2,0
102,49,0,Bird,2,1,0,3,1,40,3,81,126,149,0,8,5,14,12,17,8,0,0,0,2,2,0,0,0,0,0,0,0,0,0,0,0,0,0,0,0,0,2,2,2,2,2,0
103,52,0,Bird,2,0,0,4,0,40,6,45,88,101,0,16,12,20,20,14,11,0,0,0,2,2,2,1,1,1,1,1,1,1,1,1,1,0,2,0,0,0,2,2,2,2,2,0
104,84,0,Bird,2,0,0,4,0,35,5,10,82,125,0,15,10,21,13,11,18,0,0,0,2,2,0,1,1,1,0,0,1,2,2,1,0,0,0,0,1,1,3,3,3,3,3,1
105,81,0,Bird,2,1,0,3,1,30,3,22,72,122,0,17,6,17,15,20,8,0,0,0,2,2,0,0,2,1,0,0,2,0,0,0,0,0,0,2,1,1,2,2,2,3,3,1
106,77,0,Bird,2,1,0,4,1,45,6,4,25,102,2,14,11,18,12,17,13,1,1,0,2,2,1,0,0,2,0,1,1,0,0,2,0,0,0,0,0,0,2,2,2,2,2,0
107,78,0,Bird,2,0,0,4,0,40,4,72,124,167,0,9,13,20,19,23,30,0,0,0,3,2,0,1,0,1,2,2,1,0,1,0,0,0,0,0,0,0,2,2,2,2,2,0
108,89,0,Bird,1,1,0,5,1,50,7,19,68,83,2,20,7,11,17,19,11,1,1,0,2,2,3,0,0,2,0,0,1,0,0,1,0,1,3,0,1,0,2,2,2,2,2,1
109,84,0,Bird,3,1,0,6,1,50,7,64,98,153,0,16,13,19,8,19,12,2,2,2,1,1,0,0,0,0,1,1,1,0,0,0,0,3,0,0,1,0,3,3,3,2,2,0
110,84,0,Bird,2,1,0,5,1,50,7,63,74,82,2,20,7,19,17,22,12,1,1,1,3,3,1,0,0,1,2,0,2,0,0,1,0,1,1,0,1,0,2,2,2,2,2,0
111,90,0,Bird,2,1,0,5,1,50,8,10,72,93,2,10,7,8,14,22,9,1,1,1,2,2,1,3,0,3,0,2,0,0,0,1,1,1,1,2,3,3,3,2,2,2,2,0
112,70,0,Bird,2,1,0,6,1,60,15,53,132,133,3,27,19,12,20,23,23,1,1,1,2,2,1,1,1,2,0,0,1,0,0,2,0,1,1,0,2,0,2,2,2,2,2,0
113,103,0,Bird,2,0,0,5,0,50,5,120,123,124,0,14,20,8,9,16,20,0,0,0,3,3,0,1,0,2,1,1,1,0,0,3,0,0,0,0,2,0,3,3,3,2,2,1
114,84,0,Bird,1,0,0,6,0,70,24,61,129,148,2,25,27,15,24,18,24,2,2,2,3,2,2,1,1,2,1,1,3,3,1,3,1,2,3,1,2,1,3,3,3,3,3,1
115,138,0,Bird,2,1,0,6,1,75,28,63,159,160,2,27,24,24,12,24,12,2,2,2,3,3,2,1,1,2,2,2,3,2,2,2,2,3,3,3,1,1,3,3,3,3,3,2
116,144,0,Bird,2,1,0,6,1,60,22,25,64,157,2,24,22,18,20,24,22,1,1,1,2,2,2,1,1,2,2,2,2,2,2,2,2,1,1,2,2,2,3,3,3,3,3,2
117,132,0,Bird,2,0,0,1,0,35,4,10,52,168,0,7,8,13,5,14,11,0,0,0,0,0,3,1,1,1,1,1,1,1,0,0,0,0,3,0,1,0,2,1,1,0,0,2
118,138,0,Plant,2,0,0,4,0,40,10,35,39,43,0,15,24,11,13,6,18,0,0,0,2,2,0,1,1,1,3,3,1,1,1,1,1,0,0,0,0,0,2,2,2,0,0,2
119,76,0,Plant,2,0,0,3,0,45,15,1,34,114,0,14,26,10,12,5,17,1,1,1,2,2,0,0,0,0,2,2,0,0,0,1,0,2,0,0,0,0,2,2,2,0,0,1
120,72,0,Plant,2,0,0,4,0,40,7,4,33,36,0,17,20,6,9,2,19,0,0,0,2,2,0,0,0,0,2,2,0,1,1,0,0,0,0,0,0,0,3,3,3,2,2,2
121,68,0,Plant,2,1,0,4,1,35,7,32,91,164,2,12,20,6,11,14,7,0,0,0,3,3,0,0,0,0,2,2,0,0,0,0,0,0,0,0,0,0,3,3,3,2,2,1
122,65,0,Plant,2,0,0,1,0,30,6,96,106,118,0,18,18,12,15,9,5,0,0,0,2,2,0,0,1,0,2,2,1,0,0,0,0,0,0,1,1,1,2,2,2,1,1,2
123,68,0,Plant,2,0,0,3,0,40,11,97,106,113,0,16,17,9,6,2,14,1,1,1,2,2,1,0,0,1,2,2,0,0,0,1,0,0,0,0,0,0,2,2,2,0,0,2
124,60,0,Plant,2,0,0,3,0,45,9,97,113,147,0,14,18,8,9,13,13,0,0,0,2,2,0,1,1,1,2,2,1,0,0,1,0,0,0,1,1,1,2,2,2,0,0,2
125,68,0,Plant,2,0,0,4,0,50,12,45,56,57,0,12,24,8,17,12,10,0,0,0,2,2,1,0,0,1,2,2,0,0,0,1,0,0,1,0,0,0,2,2,2,0,0,2
126,71,0,Plant,2,0,0,4,0,40,3,47,118,139,0,8,5,7,2,7,2,0,0,0,2,2,0,0,0,0,2,2,0,0,0,1,0,0,0,1,1,1,2,2,2,0,0,2
127,42,0,Plant,2,0,0,5,0,40,8,47,91,164,0,17,11,4,2,9,14,0,0,0,2,2,0,0,0,0,2,2,0,0,0,0,0,0,0,0,2,3,2,2,2,0,0,2
128,51,0,Plant,2,0,0,4,0,35,9,50,104,113,0,13,20,14,11,3,16,0,0,0,2,2,0,0,1,0,2,2,1,0,0,0,0,0,0,1,1,1,2,2,2,1,1,2
129,68,0,Plant,2,0,0,3,0,40,12,121,122,125,0,11,21,7,6,20,11,1,1,0,2,2,1,0,0,2,3,2,1,0,0,1,0,1,1,0,1,1,2,3,3,0,0,2
130,71,0,Plant,2,0,0,3,0,40,11,27,36,124,0,15,18,8,3,12,15,1,1,1,3,3,1,0,1,2,2,2,1,0,0,2,0,0,0,0,0,0,2,2,2,0,0,2
131,73,0,Plant,2,0,0,4,0,40,10,19,113,115,0,14,7,8,4,5,3,1,1,1,2,2,0,0,0,0,2,2,0,0,0,1,0,1,0,1,0,0,2,2,2,0,0,2
132,52,0,Plant,2,0,0,5,0,45,9,51,117,118,0,12,20,11,8,10,17,0,0,0,2,2,0,1,2,2,2,2,1,0,0,3,0,0,0,1,2,2,2,2,2,0,0,2
133,81,0,Plant,2,0,0,5,0,40,13,117,138,146,0,19,17,7,10,15,23,0,0,0,3,3,0,0,0,2,2,2,0,0,0,3,0,0,0,0,2,0,3,3,3,1,1,2
134,88,0,Plant,2,0,0,4,0,35,10,45,50,169,0,14,15,12,14,15,9,0,0,0,2,2,0,0,0,1,2,2,0,1,1,1,0,0,0,0,0,0,3,3,3,2,2,1
135,75,0,Plant,2,0,0,4,0,30,6,92,96,127,2,8,11,8,5,1,3,1,1,1,3,3,1,0,0,1,2,2,1,0,0,2,0,0,0,0,0,0,2,2,2,0,0,2
136,50,0,Plant,2,0,0,4,0,45,9,85,105,113,0,14,12,19,7,10,6,1,1,1,2,2,1,0,0,1,3,3,1,0,0,2,0,0,0,0,0,0,3,3,3,0,0,1
137,71,0,Plant,2,0,0,5,0,50,11,51,78,101,0,17,14,20,13,10,16,1,1,1,2,2,1,0,0,2,3,3,1,0,0,3,0,0,0,0,0,0,3,3,3,0,0,1
138,87,0,Plant,2,0,0,4,0,50,9,50,122,128,0,8,13,9,6,7,15,0,0,0,2,2,0,1,1,1,2,2,1,0,0,2,0,0,0,1,1,1,2,2,2,0,0,1
139,62,0,Plant,3,0,0,6,0,70,24,99,130,150,0,24,30,23,21,18,18,1,1,1,3,3,1,1,1,2,3,3,1,1,1,3,1,1,1,1,2,1,3,3,3,1,1,3
140,129,0,Plant,2,0,0,6,0,70,24,30,113,157,0,25,18,21,24,15,23,1,1,1,3,3,1,2,2,3,3,3,1,1,1,3,1,1,1,2,1,1,3,3,3,1,1,3
141,128,0,Plant,2,0,0,6,0,80,15,27,131,163,0,22,7,12,13,24,4,2,2,2,3,3,3,1,1,3,3,3,1,1,1,3,2,2,2,2,2,2,2,2,2,2,1,2
142,114,0,Plant,2,0,0,6,0,80,0,60,158,162,0,10,27,11,14,24,30,2,2,2,3,3,3,1,3,3,3,3,3,1,1,3,1,2,3,3,3,3,3,3,3,1,1,2
143,143,0,Plant,2,0,0,2,0,30,3,27,118,122,0,8,14,13,19,7,14,0,0,0,0,0,0,1,1,1,3,3,1,1,1,1,0,0,0,1,1,2,0,0,0,0,1,2
144,50,0,Plant,0,0,0,1,0,45,16,13,22,103,0,8,4,7,4,9,7,0,0,0,0,0,0,0,1,2,3,3,2,2,1,2,0,1,1,1,2,0,1,3,0,1,1,2
145,77,0,Bug,2,0,0,3,0,35,2,139,149,162,0,11,8,14,9,11,7,0,0,0,0,0,0,1,3,1,1,1,3,1,1,1,1,0,0,2,2,2,0,0,0,2,2,0
146,60,0,Bug,2,0,0,4,0,40,4,37,95,132,0,13,5,11,14,11,9,1,1,1,0,0,1,0,2,0,0,0,2,0,0,1,0,1,1,2,2,2,0,0,0,2,2,1
147,63,0,Bug,2,0,0,4,0,30,1,19,54,78,0,6,11,14,18,8,7,0,0,0,0,0,0,0,2,0,0,0,2,1,1,0,0,0,0,2,2,2,2,2,2,3,3,0
148,62,0,Bug,2,1,0,3,1,30,0,46,78,117,0,11,2,13,7,12,8,0,0,0,1,1,0,0,2,0,0,0,2,0,0,0,0,0,0,2,2,2,1,1,1,3,3,0
149,54,0,Bug,2,0,0,4,0,40,4,50,56,57,0,17,13,10,12,5,19,0,0,0,1,1,0,0,2,0,1,1,2,0,0,0,0,0,0,2,2,2,1,1,1,2,2,1
150,69,0,Bug,2,0,0,4,0,35,6,86,118,164,0,13,8,16,8,13,14,1,1,1,1,1,1,0,2,1,0,0,2,0,0,1,0,0,0,2,2,2,0,0,0,2,2,1
151,65,0,Bug,2,0,0,4,0,40,4,139,143,163,0,12,8,9,9,4,1,0,0,0,0,0,0,1,3,1,0,0,3,0,0,1,0,0,0,3,3,3,0,0,0,2,2,1
152,51,0,Bug,2,0,0,4,0,45,3,47,64,141,0,13,7,16,20,9,7,1,1,0,0,0,1,0,2,1,0,0,2,0,0,1,0,1,1,2,2,2,0,0,0,2,2,1
153,64,0,Bug,2,1,0,3,1,40,7,41,72,147,2,8,8,7,13,11,14,0,0,0,0,0,0,1,2,1,0,0,2,0,0,0,0,0,0,2,2,2,0,0,0,2,2,2
154,58,0,Bug,2,0,0,2,0,35,2,78,97,112,0,8,4,11,17,13,1,0,0,0,0,0,0,0,2,0,0,0,2,0,0,0,0,0,0,2,2,2,0,0,0,2,2,0
155,47,0,Bug,2,0,0,4,0,35,0,50,78,104,0,11,4,8,14,14,4,0,0,0,0,0,0,0,2,0,0,0,2,0,0,0,0,0,0,2,2,2,0,0,0,2,2,0
156,48,0,Bug,2,0,0,2,0,45,5,83,115,127,0,12,10,16,11,14,5,0,0,0,1,1,0,0,2,0,1,1,2,0,0,0,0,0,0,2,2,2,1,2,2,2,2,1
157,64,0,Bug,2,0,0,5,0,35,6,37,45,109,3,15,10,17,20,11,2,1,1,1,1,1,1,0,2,0,0,0,2,0,0,0,0,1,1,2,2,2,1,1,1,3,3,0
158,74,0,Bug,2,1,0,4,1,45,4,4,22,169,2,9,11,6,3,10,9,0,0,0,1,1,0,0,2,1,1,1,2,0,0,1,0,0,0,2,2,2,1,1,1,2,2,1
159,54,0,Bug,3,1,0,4,1,30,2,72,96,127,2,14,9,16,12,20,12,0,0,0,0,0,0,0,3,1,0,0,2,1,1,1,0,0,0,3,2,2,1,1,1,3,3,0
160,76,0,Bug,2,0,0,4,0,40,5,43,89,164,0,17,10,15,16,7,14,0,0,0,0,0,0,1,3,1,1,0,3,0,0,1,0,0,0,3,3,3,1,1,1,2,2,1
161,76,0,Bug,2,0,0,5,0,40,6,37,78,94,1,16,8,14,19,5,1,0,0,0,0,0,0,1,3,1,0,0,3,0,0,0,0,0,0,3,3,3,0,0,0,3,3,1
162,65,0,Bug,2,1,0,4,1,40,7,95,96,153,0,20,5,19,13,20,4,1,1,1,0,0,1,0,2,0,0,0,2,1,1,0,0,1,1,2,2,2,1,1,1,3,3,0
163,77,0,Bug,2,1,0,3,1,35,12,4,32,111,0,23,19,8,7,14,3,0,0,0,0,0,0,0,2,3,0,0,3,0,0,1,1,0,0,2,2,2,1,1,1,2,2,0
164,69,0,Bug,2,0,0,5,0,50,18,81,89,103,5,23,16,12,9,11,8,1,0,0,1,0,1,1,2,3,1,1,2,1,1,1,1,1,1,2,2,2,1,1,1,2,2,1
165,90,0,Bug,2,0,0,5,0,50,7,75,82,90,0,21,19,23,20,12,14,2,2,2,0,0,2,0,2,1,0,0,2,0,0,1,0,2,2,2,3,2,0,0,0,2,2,2
166,101,0,Bug,2,0,0,4,0,45,7,10,90,98,0,19,13,9,7,14,5,0,0,1,1,0,1,1,2,2,1,1,2,1,1,1,1,0,0,2,2,2,1,1,1,2,2,1
167,73,0,Bug,2,0,0,6,0,55,24,91,101,107,3,22,20,24,23,15,18,1,2,2,1,0,2,1,3,2,1,1,3,1,1,3,1,2,2,3,3,3,1,1,1,3,3,1
168,129,0,Bug,2,0,0,6,0,50,11,32,148,157,1,24,10,19,26,1,15,1,1,1,0,0,1,1,2,2,0,0,2,0,0,3,0,1,1,2,2,2,0,0,0,2,2,3
169,89,0,Bug,2,0,0,5,0,65,25,74,99,115,0,18,23,25,24,30,21,3,3,3,2,1,3,1,3,2,1,1,1,1,1,2,1,3,3,2,2,2,2,2,2,3,3,1
170,146,0,Bug,2,0,0,4,0,35,4,39,45,114,0,14,15,19,13,2,3,0,1,0,0,0,0,3,3,1,2,2,2,1,1,0,0,0,0,1,2,2,0,0,0,0,0,0
171,63,0,Devil,3,0,0,2,0,40,19,33,45,156,0,11,7,15,8,15,4,2,2,1,1,1,2,1,1,3,2,2,2,1,1,3,1,0,0,0,0,0,0,0,0,0,0,0
172,62,0,Devil,2,1,0,4,1,30,19,39,46,89,0,11,13,14,15,8,11,2,2,2,1,1,1,0,1,2,0,0,1,0,0,2,0,0,0,2,2,2,1,1,0,1,1,1
173,68,0,Devil,2,0,0,5,0,35,16,4,21,113,0,16,11,18,12,16,19,1,1,2,2,2,2,0,0,2,0,0,0,1,1,2,0,0,0,0,0,0,2,1,1,2,1,1
174,82,0,Devil,2,0,0,4,0,30,13,1,64,68,0,13,1,5,4,9,20,1,1,1,3,3,2,0,0,2,0,0,2,0,0,2,0,0,0,0,1,1,1,2,2,2,1,0
175,55,0,Devil,2,1,0,4,1,40,18,92,114,127,0,11,18,10,16,9,12,2,2,1,3,3,1,0,0,2,1,1,0,0,0,2,0,0,0,0,0,0,2,2,1,0,0,1
176,68,0,Devil,2,0,0,4,0,35,16,54,144,165,0,16,17,14,14,13,8,2,2,2,2,2,2,0,1,2,0,0,1,0,0,2,0,0,0,1,1,1,0,0,0,1,1,1
177,74,0,Devil,2,0,0,4,0,45,18,80,101,141,0,17,11,17,13,15,12,2,2,2,1,1,2,1,1,3,0,0,1,0,0,3,0,0,0,2,2,1,0,0,0,0,0,0
178,76,0,Devil,2,0,0,5,0,50,20,4,53,68,3,16,10,20,22,4,12,2,2,1,2,2,3,0,0,3,1,1,1,0,0,3,0,0,1,0,0,0,0,0,0,0,0,1
179,74,0,Devil,2,0,0,4,0,45,12,76,83,150,1,14,13,15,7,7,4,1,1,1,1,1,3,0,0,3,0,0,0,0,0,3,0,0,3,0,0,1,0,0,2,0,0,2
180,61,0,Devil,2,1,0,3,1,25,13,1,4,16,0,10,1,5,9,9,17,1,1,1,2,2,2,0,0,3,0,1,0,0,0,3,0,0,0,0,0,0,0,0,0,0,0,0
181,48,0,Devil,1,1,0,3,1,25,13,4,22,51,0,13,7,8,4,2,18,2,2,2,1,1,1,0,0,3,0,0,1,0,0,3,0,0,0,0,0,0,0,0,0,0,0,1
182,49,0,Devil,2,0,0,5,0,45,20,7,81,82,3,14,13,17,12,7,21,2,3,2,2,2,2,0,0,3,0,1,0,0,0,3,0,1,0,0,2,1,0,0,0,0,1,1
183,83,0,Devil,2,0,0,5,0,45,21,10,25,81,3,15,11,14,15,12,19,1,3,2,2,2,2,2,2,3,1,1,1,0,0,3,0,2,2,1,0,2,2,0,0,0,0,0
184,84,0,Devil,2,0,0,5,0,40,22,7,10,16,3,20,11,17,13,11,20,2,2,2,2,2,2,0,0,3,0,1,1,2,2,3,0,0,0,0,0,0,2,2,2,2,2,0
185,95,0,Devil,1,0,0,5,0,50,17,30,39,87,0,19,7,19,13,13,18,1,1,1,3,3,2,0,0,2,1,1,0,1,1,2,0,0,0,0,0,0,2,2,2,0,0,0
186,79,0,Devil,1,0,0,5,0,40,19,94,105,108,3,15,8,20,12,10,12,1,1,2,2,2,2,0,0,2,0,0,0,1,1,2,0,0,0,0,0,0,2,2,2,2,1,0
187,76,0,Devil,2,0,0,6,0,50,23,1,92,132,0,18,12,18,14,10,14,2,2,2,3,3,2,1,1,3,0,0,0,0,0,3,0,0,0,0,0,0,1,2,2,2,1,1
188,86,0,Devil,2,0,0,4,0,50,22,45,81,98,0,17,12,20,11,20,15,2,2,2,2,2,3,1,0,3,1,1,0,1,1,3,0,0,0,0,0,0,0,0,0,0,0,1
189,85,0,Devil,1,0,0,5,0,50,24,108,111,151,3,24,3,25,22,4,1,1,1,1,1,1,1,0,0,3,0,0,0,0,0,3,0,1,1,0,2,0,1,0,0,0,1,0
190,73,0,Devil,2,0,0,5,0,60,20,80,85,151,5,23,1,18,24,12,12,2,2,2,2,2,1,1,1,3,1,1,1,1,1,3,0,0,0,0,0,0,0,0,0,0,0,1
191,85,0,Devil,2,0,0,5,0,70,30,7,68,138,0,24,30,23,21,18,21,2,2,3,2,2,2,1,2,3,1,3,2,1,1,3,0,2,1,0,2,0,1,0,0,0,0,1
192,124,0,Devil,2,0,0,5,0,55,23,86,103,108,5,17,9,18,20,10,12,1,1,1,1,1,2,2,2,3,0,1,1,1,1,3,0,1,1,2,2,2,1,0,0,0,0,1
193,82,0,Devil,2,0,0,4,0,50,15,1,104,144,0,23,14,10,15,6,8,1,1,1,1,1,1,1,1,3,0,0,1,1,1,3,1,1,1,1,1,1,0,1,1,0,0,3
194,78,0,Devil,1,0,0,4,0,45,22,84,104,107,3,27,0,27,7,0,0,1,1,1,1,1,1,0,1,3,0,0,0,2,2,3,0,0,0,0,2,0,2,1,1,1,1,0
195,65,0,Devil,2,0,0,5,0,45,23,51,80,101,2,20,1,24,21,18,19,0,0,0,0,0,2,1,0,2,0,1,1,1,1,3,0,0,1,1,2,1,2,0,0,0,0,1
196,91,0,Devil,2,0,0,5,0,40,22,80,82,93,5,16,1,17,29,5,13,0,2,0,2,0,0,0,1,3,0,0,1,0,0,2,0,0,0,1,2,1,0,0,0,1,1,1
197,76,0,Devil,2,0,0,5,0,60,21,1,99,153,2,24,9,21,24,23,18,2,2,2,3,3,1,1,1,3,1,1,1,1,1,3,0,0,0,0,2,0,1,1,1,1,1,1
198,109,0,Devil,2,0,0,6,0,70,28,72,85,87,5,25,24,23,15,17,20,2,2,3,2,1,3,2,2,3,1,2,2,1,1,3,1,1,1,3,3,2,2,0,0,0,0,2
199,125,0,Devil,2,0,0,6,0,75,27,7,110,130,3,25,24,25,22,23,13,2,2,2,2,2,2,1,1,3,1,1,2,1,1,3,1,2,2,2,2,2,0,0,0,0,1,2
200,127,0,Devil,2,1,0,5,1,60,21,22,47,153,2,10,12,11,22,15,10,1,1,1,1,0,0,1,1,3,1,1,1,1,1,3,0,1,1,1,2,1,0,0,0,1,0,2
201,81,0,Zombie,2,1,0,3,1,40,11,127,147,165,0,11,12,13,8,18,15,0,0,0,0,0,0,3,3,3,1,1,3,1,1,3,1,0,0,2,2,2,0,0,0,0,0,0
202,71,0,Zombie,2,0,0,5,0,45,13,68,83,109,3,6,1,23,15,4,6,1,1,1,0,0,2,2,2,2,0,0,2,0,0,3,0,0,2,2,2,2,0,0,0,0,0,1
203,68,0,Zombie,2,0,0,3,0,35,6,39,43,54,0,17,13,17,8,11,4,0,0,0,0,0,0,2,2,2,0,0,2,1,1,2,0,0,0,2,2,2,1,1,1,1,1,0
204,67,0,Zombie,2,0,0,4,0,35,5,74,82,112,0,14,8,12,11,18,9,0,0,0,1,1,0,2,2,2,0,0,2,0,0,2,0,0,0,2,2,2,1,1,1,1,1,0
205,65,0,Zombie,2,0,0,4,0,50,10,78,96,107,0,15,17,12,9,4,8,0,0,0,1,1,0,2,2,2,1,1,2,0,0,2,0,0,0,2,2,3,1,1,1,0,0,0
206,65,0,Zombie,2,0,0,5,0,30,8,53,57,164,1,12,8,15,20,1,11,0,0,0,0,0,0,2,3,2,0,0,3,0,0,2,0,0,0,3,3,3,0,0,0,1,1,0
207,66,0,Zombie,2,0,0,5,0,45,13,22,34,36,0,17,7,19,9,12,8,1,1,1,1,1,1,2,2,3,0,0,2,0,0,3,0,0,0,2,2,2,0,0,0,0,0,1
208,67,0,Zombie,2,1,0,4,1,50,12,68,121,132,2,9,6,6,20,8,12,0,0,0,0,0,1,2,2,3,0,0,3,0,0,3,0,0,1,2,3,2,0,0,0,0,0,1
209,59,0,Zombie,2,0,0,5,0,45,9,19,95,149,0,17,19,23,9,12,10,1,1,1,1,0,1,2,2,2,0,0,2,0,0,2,0,1,1,1,1,1,1,1,0,0,0,1
210,77,0,Zombie,2,0,0,4,0,40,8,115,128,139,0,17,13,16,8,11,10,0,0,0,0,0,0,2,2,2,0,0,2,0,0,2,0,0,0,2,2,2,0,0,0,0,0,0
211,63,0,Zombie,2,0,0,4,0,30,10,19,27,30,1,6,10,11,17,7,14,0,0,0,0,0,0,2,3,2,0,0,3,1,1,2,0,0,0,3,3,3,0,0,0,1,1,2
212,66,0,Zombie,2,1,0,3,1,35,12,72,74,166,0,17,4,10,3,15,9,0,0,0,2,1,1,2,2,2,0,0,2,0,0,2,0,0,0,2,2,2,1,1,1,1,1,1
213,61,0,Zombie,2,1,0,4,1,35,9,10,36,87,2,16,19,19,12,13,6,0,0,0,3,1,0,2,2,2,0,0,2,1,1,2,0,0,0,2,2,2,1,1,1,1,1,0
214,79,0,Zombie,2,1,0,4,1,40,10,90,117,128,0,19,3,21,17,19,6,0,0,0,1,1,0,2,3,2,1,1,3,0,0,2,0,0,1,3,3,3,1,1,0,1,1,1
215,83,0,Zombie,2,0,0,3,0,35,4,46,115,125,0,7,2,14,7,4,1,0,0,0,1,0,1,2,2,2,0,0,2,0,0,2,0,0,1,2,2,2,0,0,0,0,0,1
216,44,0,Zombie,2,1,0,4,1,40,7,1,4,165,0,9,15,6,8,13,4,2,2,0,1,0,0,2,2,2,0,0,2,0,0,2,0,2,0,2,2,2,1,1,0,0,0,0
217,62,0,Zombie,2,0,0,5,0,40,13,78,93,98,1,9,20,17,16,8,5,1,1,1,2,1,2,2,2,2,0,0,2,0,0,2,0,0,0,2,2,2,0,0,0,0,0,3
218,74,0,Zombie,2,0,0,5,0,50,16,25,93,133,0,21,2,26,19,15,13,0,1,1,1,0,2,2,2,3,1,1,2,0,0,3,0,0,2,2,3,2,3,0,0,0,0,0
219,95,0,Zombie,2,0,0,6,0,60,25,10,13,60,0,20,24,14,20,15,27,1,1,2,3,1,3,2,2,3,1,1,3,1,1,3,1,1,2,3,3,3,1,1,1,1,1,1
220,122,0,Zombie,2,0,0,6,0,40,10,7,82,99,0,14,13,17,12,7,1,0,0,0,1,0,1,2,2,2,1,1,2,0,0,2,0,0,0,2,2,2,0,0,0,0,0,1
221,59,0,Zombie,2,0,0,5,0,55,12,39,87,99,5,16,11,18,12,16,19,0,0,1,2,0,2,2,2,3,1,1,2,0,0,3,0,0,1,2,2,2,0,0,0,0,0,1
222,85,0,Zombie,2,0,0,5,0,70,20,1,16,138,5,23,21,25,18,15,20,1,1,3,2,1,2,2,2,3,1,1,3,1,1,3,1,1,2,3,3,3,1,1,1,1,1,1
223,122,0,Zombie,2,0,0,6,0,75,26,49,121,123,0,24,20,30,20,12,14,2,2,2,2,1,2,2,2,3,1,1,3,1,1,3,0,2,2,1,1,1,1,1,1,1,2,1
224,120,0,Zombie,2,1,0,5,1,40,1,58,118,158,0,11,20,1,2,21,5,0,0,0,0,0,0,2,2,3,0,0,2,0,0,2,0,0,0,2,3,2,1,0,0,0,0,1
225,56,0,Zombie,2,1,0,4,1,50,13,113,127,132,2,14,12,15,12,16,10,0,0,0,1,1,1,2,2,3,1,1,3,0,0,3,0,0,0,2,2,2,1,1,1,0,0,1
226,77,0,Zombie,2,1,0,4,0,40,8,19,132,123,0,5,21,13,11,14,21,0,0,2,1,1,0,3,3,3,0,1,2,0,0,2,0,0,1,1,1,3,1,0,0,0,0,0
227,72,0,Zombie,1,0,0,6,0,65,20,19,132,150,5,27,13,24,23,19,21,0,0,0,2,2,3,3,3,3,1,1,2,1,1,3,1,0,3,1,3,3,1,0,1,1,2,2
228,59,0,Material,3,0,0,4,0,40,12,4,51,52,0,13,11,9,18,17,15,0,0,0,0,0,2,1,1,3,1,1,1,1,1,3,1,0,2,0,0,0,0,0,0,0,0,1
229,67,0,Material,2,0,0,4,0,50,14,34,68,169,0,14,15,17,12,9,13,1,1,1,0,0,2,0,0,3,0,0,2,0,0,3,0,1,2,0,0,3,1,1,1,0,0,1
230,61,0,Material,2,0,0,3,0,35,10,1,105,162,0,12,10,14,6,17,12,0,0,0,0,0,0,0,0,2,0,0,0,1,1,2,0,2,0,0,0,0,1,1,1,1,1,0
231,55,0,Material,2,1,0,4,1,35,10,34,35,157,0,16,13,5,14,14,7,0,0,0,1,1,2,2,0,2,0,0,0,0,0,2,0,0,2,0,0,0,1,1,1,1,1,1
232,57,0,Material,2,0,0,5,0,45,12,10,21,160,0,8,23,11,12,3,19,0,0,0,1,1,2,0,0,2,1,1,0,0,0,2,0,0,2,0,0,0,1,1,1,0,0,1
233,60,0,Material,2,0,0,4,0,30,8,21,84,106,0,9,13,14,17,7,11,0,0,0,0,0,2,0,1,2,0,0,1,0,0,2,0,0,2,1,1,1,0,0,0,1,1,1
234,58,0,Material,2,0,0,5,0,45,14,54,58,165,0,15,11,8,6,11,19,1,1,1,1,1,2,0,0,3,0,0,0,0,0,3,0,0,2,0,0,0,0,0,0,0,0,2
235,61,0,Material,2,0,0,4,0,45,12,22,94,107,0,14,4,20,21,10,13,0,0,0,0,0,2,1,1,3,0,0,1,0,0,3,0,0,2,1,1,1,0,0,0,0,0,2
236,71,0,Material,2,1,0,4,1,35,6,118,122,163,0,13,9,7,4,7,11,0,0,0,0,0,2,1,1,2,1,1,2,0,0,2,0,0,2,0,0,1,1,0,0,0,0,0
237,52,0,Material,2,0,0,3,0,40,8,78,141,149,0,8,13,11,14,7,4,0,0,0,0,0,2,0,0,2,0,0,0,0,0,2,0,0,2,0,0,0,0,0,0,0,0,1
238,44,0,Material,2,0,0,5,0,35,11,39,46,52,0,14,17,12,12,8,14,0,0,0,0,0,2,0,1,2,0,0,1,0,0,2,0,0,2,2,2,1,0,0,0,1,1,1
239,66,0,Material,2,0,0,6,0,45,15,64,108,126,3,18,13,20,23,9,10,1,1,1,0,0,2,1,0,3,0,0,2,0,0,3,0,1,3,2,3,2,0,0,0,0,0,1
240,81,0,Material,2,0,0,5,0,35,13,7,13,102,3,21,11,23,21,18,19,0,0,0,0,0,2,1,1,2,1,1,1,1,1,2,1,0,2,0,0,0,1,1,1,1,1,0
241,93,0,Material,2,1,0,4,1,30,11,50,90,96,0,8,3,9,11,12,6,0,0,1,1,0,2,0,1,2,1,1,1,0,0,2,0,0,2,1,1,1,0,0,0,1,1,0
242,53,0,Material,2,1,0,4,1,45,9,37,41,45,2,12,18,9,19,13,15,0,0,0,2,1,2,0,0,2,1,1,0,0,0,2,0,0,2,0,0,0,2,2,2,0,0,0
243,68,0,Material,2,0,0,4,0,30,8,118,126,161,0,7,6,14,4,4,3,0,0,0,0,0,2,0,0,2,1,1,0,0,0,2,0,0,2,0,0,0,0,0,0,0,0,2
244,40,0,Material,1,0,0,5,0,40,13,98,99,101,5,12,5,21,22,24,17,1,1,1,1,1,2,1,2,3,0,0,0,0,0,3,0,1,2,2,2,1,2,0,0,0,0,0
245,83,0,Material,2,0,0,5,0,45,22,82,94,103,3,23,13,24,26,22,12,2,2,2,2,2,3,2,3,3,0,0,0,0,0,3,0,2,3,3,3,0,0,0,0,0,0,1
246,111,0,Material,2,1,0,4,1,40,11,19,108,165,0,18,19,15,18,9,19,0,0,0,0,0,2,2,2,3,1,1,1,1,1,3,1,0,2,0,0,0,0,0,0,0,0,1
247,79,0,Material,2,1,0,4,1,40,9,64,68,137,2,13,15,11,14,20,18,0,0,0,2,1,2,0,0,2,0,0,0,0,1,2,0,0,2,0,0,0,0,0,0,0,0,1
248,68,0,Material,3,0,0,6,0,45,13,1,64,151,0,18,12,17,24,4,7,3,3,1,2,0,1,0,0,3,0,0,1,0,0,3,0,3,1,0,0,0,0,0,0,0,0,0
249,74,0,Material,1,0,0,6,0,45,13,16,68,148,0,16,6,18,24,4,7,1,1,1,2,0,3,0,0,3,0,0,0,1,0,3,0,1,3,0,0,0,0,0,0,0,0,2
250,71,0,Material,2,1,0,5,1,40,11,1,19,168,0,25,10,20,12,1,20,0,0,1,2,1,2,1,1,3,1,1,1,1,1,3,1,0,1,0,0,0,0,0,0,0,0,1
251,78,0,Material,2,1,0,5,1,45,11,49,72,120,0,20,13,15,6,7,4,1,1,0,0,0,2,1,1,3,1,1,1,1,1,2,0,1,2,1,1,0,0,0,0,0,0,1
252,64,0,Material,2,0,0,4,0,40,8,118,124,125,0,12,3,13,14,1,15,0,0,1,1,0,3,1,0,3,0,0,0,0,0,3,0,0,3,0,0,0,0,0,0,0,0,1
253,51,0,Material,2,0,0,4,0,45,18,104,105,159,3,17,4,12,21,4,6,0,0,1,1,0,3,1,1,3,0,0,0,0,0,3,0,0,3,0,0,0,1,1,1,1,1,2
254,67,0,Material,2,0,0,5,0,50,15,148,151,157,3,24,10,23,24,1,14,0,1,1,1,0,3,1,1,3,0,1,0,0,0,3,0,1,3,0,2,1,1,1,1,1,1,2
255,93,0,Material,2,0,0,4,0,50,14,21,32,75,3,15,11,17,20,0,13,1,1,0,0,0,2,0,1,3,1,1,1,1,1,3,0,2,2,1,1,1,0,0,0,1,1,2
256,77,0,Material,1,0,0,6,0,75,18,62,129,133,5,24,21,24,27,17,23,2,2,2,2,1,2,3,3,3,3,3,3,2,2,3,1,2,2,3,3,3,2,2,2,1,1,2
257,146,0,Material,2,0,0,6,0,70,24,19,63,128,0,24,21,12,25,21,10,2,2,2,2,2,2,3,3,3,3,3,3,2,2,3,2,2,2,3,3,3,1,1,3,1,1,2
258,136,0,Material,0,0,0,2,0,40,5,84,104,111,0,3,2,6,3,4,6,0,0,0,1,0,0,1,1,3,1,1,1,1,0,2,0,0,0,3,2,0,0,0,0,0,0,0
259,79,0,Material,0,1,0,5,1,45,8,10,56,129,2,8,24,14,16,11,26,1,0,0,1,3,1,0,2,3,2,2,1,0,0,1,0,2,2,3,2,1,1,1,0,0,2,2
260,117,0,Water,2,0,0,3,2,35,3,41,45,111,0,15,17,12,9,14,10,2,2,0,0,0,0,0,2,1,0,1,0,0,2,0,0,2,0,3,2,0,0,0,2,0,0,2
261,66,0,Water,2,0,0,4,2,40,5,47,105,115,1,12,17,18,19,22,9,0,0,0,1,0,0,0,2,1,0,1,1,0,2,0,0,2,0,3,0,0,0,0,2,0,0,2
262,76,0,Water,2,0,0,4,2,40,13,88,107,108,3,23,8,23,16,7,8,1,1,0,1,0,0,0,2,0,0,0,1,0,2,1,0,2,0,1,2,2,1,1,2,0,0,2
263,74,0,Water,2,0,0,5,2,40,10,4,147,155,2,22,9,24,19,9,7,2,2,1,1,0,0,1,2,0,0,0,1,0,2,0,0,2,0,0,0,0,2,2,2,1,0,2
264,77,0,Water,2,0,0,4,2,40,4,4,96,115,0,9,14,10,13,5,7,1,1,1,1,0,0,1,2,1,1,0,0,0,2,1,0,2,0,1,2,0,0,1,2,0,0,1
265,58,0,Water,2,0,0,5,2,45,6,56,98,145,0,11,8,17,14,6,4,2,2,1,1,0,0,0,2,1,0,0,0,0,2,1,0,2,0,2,2,1,0,0,2,0,0,1
266,58,0,Water,2,0,0,4,2,35,9,30,39,113,1,16,17,14,18,20,19,2,2,2,1,0,0,0,2,0,1,1,1,0,2,1,0,2,0,2,1,1,1,1,2,1,0,2
267,89,0,Water,2,0,0,4,2,35,10,22,27,122,1,7,15,7,13,17,21,1,1,1,1,0,0,1,2,1,1,1,0,0,2,0,0,2,0,1,1,1,1,0,2,0,0,2
268,68,0,Water,2,0,0,3,2,35,4,52,76,111,1,5,4,8,3,14,7,0,0,0,0,0,1,1,2,1,1,1,0,0,0,0,0,1,1,2,1,1,0,0,0,0,0,3
269,63,0,Water,2,0,0,5,2,40,14,118,120,145,1,23,21,24,20,8,14,2,2,1,1,0,0,0,2,1,0,1,1,1,2,1,0,2,0,1,1,1,1,2,2,1,0,2
270,89,0,Water,2,0,0,4,2,45,12,13,46,113,1,17,16,23,20,9,19,2,2,0,2,0,0,0,2,0,2,2,0,0,2,0,0,2,0,1,0,0,0,0,2,0,0,2
271,79,0,Water,2,0,0,5,2,50,13,82,101,149,1,18,19,16,22,13,7,2,2,2,1,1,0,1,2,1,1,1,0,2,2,1,0,2,0,0,0,2,0,0,2,1,1,2
272,85,0,Water,2,0,0,5,2,40,8,37,112,126,3,9,6,12,7,18,6,2,2,1,1,0,0,0,2,0,0,0,1,2,2,0,0,2,0,0,1,1,1,0,2,1,0,2
273,61,0,Water,2,0,0,3,2,40,14,4,97,139,0,11,10,21,17,22,15,1,1,0,0,0,0,1,2,3,0,0,1,1,2,0,0,2,0,0,0,2,1,1,2,1,0,2
274,77,0,Water,2,0,0,4,2,45,11,85,94,99,1,12,20,24,18,20,14,2,2,2,1,0,1,0,3,2,1,1,0,0,2,1,1,2,1,0,0,0,1,1,2,0,0,2
275,91,0,Water,2,0,0,5,2,45,15,82,86,101,5,23,13,24,21,14,9,2,2,2,0,1,1,1,2,0,1,1,1,0,2,1,0,2,0,1,1,0,0,0,2,1,1,2
276,91,0,Water,2,0,0,3,2,40,9,76,115,155,1,11,7,18,9,24,19,2,2,1,1,0,0,1,2,2,0,0,1,1,2,1,0,2,1,0,1,1,1,2,2,0,1,2
277,79,0,Water,2,0,0,4,2,35,10,37,57,127,1,17,19,9,23,7,19,2,2,2,2,1,1,1,2,1,0,0,1,0,2,0,0,2,1,2,2,0,0,2,2,0,1,2
278,84,0,Water,2,0,0,5,2,40,12,68,145,150,1,21,9,17,14,15,8,2,2,1,0,0,0,0,3,1,0,0,1,0,2,1,0,2,0,1,1,1,1,0,3,0,0,1
279,71,0,Water,2,0,0,5,2,45,17,78,99,122,1,11,21,16,10,14,19,2,2,1,1,0,1,1,2,0,1,1,1,1,2,1,0,2,0,0,0,1,2,2,2,1,2,2
280,89,0,Water,2,0,0,5,2,50,16,16,47,144,5,23,5,26,24,10,13,2,2,2,2,0,1,1,2,2,1,1,1,0,2,2,0,2,1,1,2,2,1,0,2,1,2,1
281,99,0,Water,2,0,0,5,2,50,25,39,101,151,5,25,20,28,21,14,13,1,1,1,1,0,0,2,2,3,2,2,2,2,2,2,1,2,0,2,2,2,1,2,2,1,1,3
282,118,0,Water,2,0,0,5,2,45,19,27,99,124,1,24,9,25,18,9,20,2,2,2,1,1,0,0,2,1,0,2,1,1,2,2,0,2,0,2,1,1,1,2,2,1,1,3
283,100,0,Water,2,0,0,6,2,55,24,30,101,105,1,25,14,26,23,12,21,2,2,2,2,1,1,1,2,0,2,2,1,1,3,1,1,2,1,2,1,1,1,1,2,1,2,3
284,117,0,Water,2,0,0,4,2,55,21,64,111,115,3,18,23,25,11,10,10,2,2,2,1,1,1,2,2,2,1,1,1,2,3,1,1,3,1,1,2,2,1,1,2,1,0,3
285,106,0,Water,2,0,0,5,2,45,30,33,76,145,1,29,21,23,18,3,10,2,2,1,1,2,1,2,2,3,1,1,1,0,2,2,2,2,1,1,2,2,1,0,2,0,1,3
286,104,0,Water,2,0,0,6,2,50,24,50,72,110,5,24,20,26,10,17,9,3,3,2,2,1,2,2,2,2,1,1,2,2,3,2,1,3,1,2,2,2,2,2,2,2,2,3
287,125,0,Water,2,0,0,6,2,50,26,85,98,103,3,18,9,27,21,21,13,2,2,2,2,1,1,2,2,2,3,2,2,1,2,2,2,2,1,1,1,1,1,1,2,1,2,2
288,115,0,Water,2,0,0,5,2,55,21,45,106,126,1,23,18,25,18,16,10,0,2,0,0,0,1,2,2,3,1,1,2,2,3,1,0,0,2,2,2,2,2,2,2,2,1,3
289,119,0,Water,2,0,0,6,2,65,30,13,138,149,3,28,22,23,24,13,9,3,3,3,3,1,1,2,2,3,2,2,2,3,2,2,2,2,1,3,3,3,3,3,2,2,3,3
290,142,0,Water,2,0,0,4,2,35,12,78,137,149,1,17,8,13,22,7,8,2,2,1,1,0,1,0,2,1,0,0,0,1,2,1,0,2,0,0,0,0,0,0,2,1,0,2
291,68,0,Water,2,0,0,6,3,30,5,37,95,118,1,7,19,5,9,9,15,1,1,1,1,0,0,1,2,0,2,0,0,1,0,1,0,1,1,3,1,0,1,0,0,0,0,3
292,142,0,Boss,0,0,0,6,0,50,24,4,59,159,2,20,30,21,20,23,23,1,1,0,0,0,1,3,3,3,2,3,3,3,3,3,0,1,1,3,2,3,3,3,3,0,0,0
293,16,2,Boss,0,0,0,6,0,70,25,64,108,129,2,21,30,24,21,23,21,2,2,1,1,1,2,3,3,3,3,3,3,3,3,3,1,2,2,3,3,3,3,3,3,1,1,1
294,88,2,Boss,0,1,0,6,1,80,27,13,63,138,3,22,31,24,22,24,22,2,2,2,2,1,2,3,3,3,3,3,3,3,3,3,1,2,2,3,3,3,3,3,3,2,2,2
295,132,2,Boss,0,0,0,6,0,60,24,4,7,133,0,19,30,20,21,23,23,1,1,1,1,0,1,3,3,3,2,3,3,3,3,3,1,0,0,3,2,3,3,3,3,2,0,1
296,28,2,Boss,0,1,0,6,1,70,25,63,64,68,1,24,30,24,21,23,23,1,1,1,1,1,1,3,3,3,3,3,3,3,3,3,1,0,0,3,3,3,3,3,3,2,1,1
297,68,2,Boss,0,1,0,6,1,80,30,56,72,102,1,25,31,25,17,18,22,2,2,2,1,1,2,3,3,3,3,3,3,3,3,3,1,1,1,3,3,3,3,3,3,2,2,2
298,104,2,Boss,0,0,0,6,0,60,24,7,63,75,0,20,30,20,20,22,21,1,1,1,2,0,2,3,3,3,2,3,3,2,2,3,1,1,1,3,3,3,3,3,3,0,0,1
299,28,2,Boss,0,0,0,6,0,70,25,62,68,131,2,24,30,26,21,23,23,1,2,3,3,1,3,3,3,3,3,3,3,3,3,3,2,2,2,3,3,3,3,3,3,2,1,2
300,132,2,Boss,0,0,0,6,0,80,29,64,103,138,5,26,30,29,22,23,12,2,2,3,3,1,3,3,3,3,3,3,3,3,3,3,2,2,2,3,3,3,3,3,3,2,2,2
301,144,2,Boss,0,0,0,6,0,70,24,63,64,99,3,21,30,26,21,23,23,1,1,1,1,0,2,3,3,3,3,3,3,3,3,3,1,0,0,3,3,3,3,3,3,2,1,1
302,72,2,Boss,0,0,0,6,0,80,29,62,68,131,5,30,30,27,18,24,21,1,1,1,1,1,2,3,3,3,3,3,3,3,3,3,2,1,1,3,3,3,3,3,3,2,1,2
303,116,2,Boss,0,0,0,6,0,80,31,99,101,103,5,29,30,26,24,23,23,1,2,2,2,0,1,3,3,3,3,3,3,2,2,3,1,2,1,3,2,3,3,3,3,1,1,1
304,88,2,Boss,0,0,0,6,0,70,30,1,7,13,2,21,30,26,21,23,23,2,2,2,1,2,2,3,3,3,2,3,3,3,3,3,1,1,2,3,2,3,3,3,3,1,1,1
305,80,2,Boss,0,0,0,6,0,80,31,64,131,137,2,29,30,26,21,23,23,2,2,2,0,0,0,3,3,3,3,3,3,2,2,3,1,3,1,3,3,3,3,3,3,1,1,2
306,96,2,Boss,0,0,0,6,0,60,28,64,68,115,2,21,30,26,24,23,23,0,0,0,3,0,1,3,3,3,2,3,3,2,3,3,0,3,3,3,2,3,3,3,3,0,0,1
307,56,2,Boss,0,1,0,6,1,60,27,62,63,133,2,21,30,26,21,23,23,1,2,2,1,1,2,3,3,3,2,3,3,3,3,3,1,1,2,3,2,3,3,3,3,1,0,2
308,72,2,Boss,0,0,0,6,0,70,29,64,111,130,3,24,30,26,21,23,23,2,2,2,2,1,2,3,3,3,3,3,3,2,2,3,1,1,2,3,2,3,3,3,3,2,1,3
309,108,2,Boss,0,1,0,6,1,80,31,62,131,138,1,29,30,30,24,23,23,3,3,3,3,2,3,3,3,3,3,3,3,3,3,3,1,2,2,3,3,3,3,3,3,3,2,3
310,192,2,Boss,0,0,0,6,0,80,30,13,64,68,2,31,30,31,24,23,23,2,2,2,2,2,3,3,3,2,2,3,3,2,3,3,2,2,2,3,3,3,3,3,3,3,3,2
311,172,2,Boss,0,0,0,6,0,65,30,7,107,138,2,24,25,26,23,22,31,2,2,2,2,2,2,3,3,3,2,3,3,2,2,3,1,2,2,2,3,2,1,2,2,2,2,2
312,108,2,Boss,0,0,0,6,0,70,31,61,131,160,5,27,31,30,23,24,31,3,3,3,3,2,3,3,3,3,2,3,3,2,3,3,2,2,3,3,3,3,2,1,1,1,1,2
313,32,3,Boss,0,0,0,6,0,60,26,4,7,104,2,23,25,18,23,14,17,0,2,0,0,0,1,3,3,3,2,3,3,3,2,3,2,0,1,3,3,3,3,3,3,1,0,1
